CATUTTC,Community,IndicatorMeasurement,IndicatorValueTime,IndicatorValue
UA46120010000054878,Белзька,тис. грн,Q1 2021,20620.35
UA46060010000049728,Бiбрська,тис. грн,Q1 2021,31323.43
UA46080010000010628,Бiсковицька,тис. грн,Q1 2021,27907.12
UA46080030000048662,Боринська,тис. грн,Q1 2021,40864.94
UA46020010000073886,Бориславська,тис. грн,Q1 2021,75892.0
UA46040010000033885,Бродiвська,тис. грн,Q1 2021,84432.15
UA46040030000058332,Буська,тис. грн,Q1 2021,59821.05
UA46060030000020652,Великолюбiнська,тис. грн,Q1 2021,19066.84
UA46120030000069375,Великомостiвська,тис. грн,Q1 2021,27118.19
UA46060050000016451,Глинянська,тис. грн,Q1 2021,16814.15
UA46100010000066018,Гнiздичiвська,тис. грн,Q1 2021,12693.05
UA46060070000047720,Городоцька,тис. грн,Q1 2021,78448.26
UA46100030000016064,Грабовецько-Дулiбiвська,тис. грн,Q1 2021,23240.18
UA46060090000017373,Давидiвська,тис. грн,Q1 2021,45234.73
UA46080050000015399,Добромильська,тис. грн,Q1 2021,26943.77
UA46060110000011684,Добросинсько-Магерiвська,тис. грн,Q1 2021,26234.28
UA46120050000027080,Добротвiрська,тис. грн,Q1 2021,25770.27
UA46020030000019252,Дрогобицька,тис. грн,Q1 2021,184689.9
UA46100050000053848,Жидачiвська,тис. грн,Q1 2021,36065.13
UA46060130000059055,Жовкiвська,тис. грн,Q1 2021,65696.29
UA46060150000060045,Жовтанецька,тис. грн,Q1 2021,22376.18
UA46100070000076013,Журавненська,тис. грн,Q1 2021,17515.39
UA46040050000062043,Заболотцiвська,тис. грн,Q1 2021,14360.82
UA46060170000014754,Зимноводiвська,тис. грн,Q1 2021,47081.59
UA46040070000032075,Золочiвська,тис. грн,Q1 2021,86835.88
UA46140010000081849,Івано-Франківська,тис. грн,Q1 2021,46877.85
UA46060190000038354,Кам'янка-Бузька,тис. грн,Q1 2021,45463.93
UA46100090000076723,Козiвська,тис. грн,Q1 2021,24590.74
UA46060210000047788,Комарнiвська,тис. грн,Q1 2021,22631.46
UA46040090000012087,Красненська,тис. грн,Q1 2021,29374.13
UA46060230000093092,Куликiвська,тис. грн,Q1 2021,21363.27
UA46120070000071541,Лопатинська,тис. грн,Q1 2021,20287.5
UA46060250000025047,Львiвська,тис. грн,Q1 2021,2355806.16
UA46020050000037271,Меденицька,тис. грн,Q1 2021,31207.34
UA46100110000018989,Миколаївська,тис. грн,Q1 2021,65234.5
UA46100130000048262,Моршинська,тис. грн,Q1 2021,28332.15
UA46140030000023506,Мостиська,тис. грн,Q1 2021,56546.93
UA46060270000027170,Мурованська,тис. грн,Q1 2021,25224.48
UA46080070000035761,Новокалинiвська,тис. грн,Q1 2021,25862.66
UA46100150000087495,Новороздiльська,тис. грн,Q1 2021,51346.16
UA46140050000054478,Новояворiвська,тис. грн,Q1 2021,97201.93
UA46060290000052876,Новояричiвська,тис. грн,Q1 2021,34712.43
UA46060310000086550,Оброшинська,тис. грн,Q1 2021,15517.15
UA46060330000065074,Перемишлянська,тис. грн,Q1 2021,41402.81
UA46060350000036006,Пiдберiзцiвська,тис. грн,Q1 2021,29409.69
UA46040110000093394,Пiдкамiнська,тис. грн,Q1 2021,17764.47
UA46040130000035029,Поморянська,тис. грн,Q1 2021,10844.87
UA46060370000065608,Пустомитiвська,тис. грн,Q1 2021,43442.58
UA46060390000035967,Рава-Руська,тис. грн,Q1 2021,47649.1
UA46120090000051307,Радехiвська,тис. грн,Q1 2021,73565.85
UA46080090000029798,Ралiвська,тис. грн,Q1 2021,21269.11
UA46100170000077437,Розвадiвська,тис. грн,Q1 2021,21917.71
UA46080110000050484,Рудкiвська,тис. грн,Q1 2021,39121.32
UA46080130000077112,Самбiрська,тис. грн,Q1 2021,75361.41
UA46100190000081766,Сколiвська,тис. грн,Q1 2021,45062.65
UA46100210000027970,Славська,тис. грн,Q1 2021,75402.26
UA46120110000062257,Сокальська,тис. грн,Q1 2021,85457.07
UA46060410000052681,Сокiльницька,тис. грн,Q1 2021,34609.66
UA46060430000091455,Солонкiвська,тис. грн,Q1 2021,38812.3
UA46080150000050321,Старосамбiрська,тис. грн,Q1 2021,42075.94
UA46100230000047305,Стрийська,тис. грн,Q1 2021,205866.6
UA46080170000064605,Стрiлкiвська,тис. грн,Q1 2021,22989.62
UA46140070000010135,Судововишнянська,тис. грн,Q1 2021,21232.12
UA46020070000056149,Схiдницька,тис. грн,Q1 2021,28839.71
UA46100250000088835,Тростянецька,тис. грн,Q1 2021,18266.69
UA46020090000057315,Трускавецька,тис. грн,Q1 2021,65419.2
UA46080190000096121,Туркiвська,тис. грн,Q1 2021,48615.55
UA46080210000051983,Хирiвська,тис. грн,Q1 2021,25578.34
UA46100270000094052,Ходорiвська,тис. грн,Q1 2021,42828.8
UA46120130000026331,Червоноградська,тис. грн,Q1 2021,180913.44
UA46140090000079730,Шегинiвська,тис. грн,Q1 2021,22217.29
UA46060450000037997,Щирецька,тис. грн,Q1 2021,18795.41
UA46140110000063568,Яворiвська,тис. грн,Q1 2021,84160.8
UA46120010000054878,Белзька,тис. грн,Q2 2021,51595.91
UA46060010000049728,Бiбрська,тис. грн,Q2 2021,74706.32
UA46080010000010628,Бiсковицька,тис. грн,Q2 2021,67712.57
UA46080030000048662,Боринська,тис. грн,Q2 2021,103079.74
UA46020010000073886,Бориславська,тис. грн,Q2 2021,176273.26
UA46040010000033885,Бродiвська,тис. грн,Q2 2021,190966.81
UA46040030000058332,Буська,тис. грн,Q2 2021,141707.0
UA46060030000020652,Великолюбiнська,тис. грн,Q2 2021,43545.5
UA46120030000069375,Великомостiвська,тис. грн,Q2 2021,64104.4
UA46060050000016451,Глинянська,тис. грн,Q2 2021,40282.51
UA46100010000066018,Гнiздичiвська,тис. грн,Q2 2021,32984.75
UA46060070000047720,Городоцька,тис. грн,Q2 2021,185615.57
UA46100030000016064,Грабовецько-Дулiбiвська,тис. грн,Q2 2021,53624.75
UA46060090000017373,Давидiвська,тис. грн,Q2 2021,101186.21
UA46080050000015399,Добромильська,тис. грн,Q2 2021,64817.75
UA46060110000011684,Добросинсько-Магерiвська,тис. грн,Q2 2021,62627.9
UA46120050000027080,Добротвiрська,тис. грн,Q2 2021,61768.33
UA46020030000019252,Дрогобицька,тис. грн,Q2 2021,425212.45
UA46100050000053848,Жидачiвська,тис. грн,Q2 2021,83969.65
UA46060130000059055,Жовкiвська,тис. грн,Q2 2021,153994.74
UA46060150000060045,Жовтанецька,тис. грн,Q2 2021,57100.54
UA46100070000076013,Журавненська,тис. грн,Q2 2021,40517.03
UA46040050000062043,Заболотцiвська,тис. грн,Q2 2021,32378.21
UA46060170000014754,Зимноводiвська,тис. грн,Q2 2021,117460.33
UA46040070000032075,Золочiвська,тис. грн,Q2 2021,196956.11
UA46140010000081849,Івано-Франківська,тис. грн,Q2 2021,104862.47
UA46060190000038354,Кам'янка-Бузька,тис. грн,Q2 2021,104434.38
UA46100090000076723,Козiвська,тис. грн,Q2 2021,58347.65
UA46060210000047788,Комарнiвська,тис. грн,Q2 2021,55437.06
UA46040090000012087,Красненська,тис. грн,Q2 2021,70520.22
UA46060230000093092,Куликiвська,тис. грн,Q2 2021,50920.99
UA46120070000071541,Лопатинська,тис. грн,Q2 2021,48814.13
UA46060250000025047,Львiвська,тис. грн,Q2 2021,5243027.97
UA46020050000037271,Меденицька,тис. грн,Q2 2021,73293.76
UA46100110000018989,Миколаївська,тис. грн,Q2 2021,150013.55
UA46100130000048262,Моршинська,тис. грн,Q2 2021,59988.11
UA46140030000023506,Мостиська,тис. грн,Q2 2021,135647.29
UA46060270000027170,Мурованська,тис. грн,Q2 2021,58071.64
UA46080070000035761,Новокалинiвська,тис. грн,Q2 2021,61970.63
UA46100150000087495,Новороздiльська,тис. грн,Q2 2021,118873.44
UA46140050000054478,Новояворiвська,тис. грн,Q2 2021,223695.18
UA46060290000052876,Новояричiвська,тис. грн,Q2 2021,85322.8
UA46060310000086550,Оброшинська,тис. грн,Q2 2021,36530.04
UA46060330000065074,Перемишлянська,тис. грн,Q2 2021,98993.12
UA46060350000036006,Пiдберiзцiвська,тис. грн,Q2 2021,61388.57
UA46040110000093394,Пiдкамiнська,тис. грн,Q2 2021,42227.06
UA46040130000035029,Поморянська,тис. грн,Q2 2021,25229.06
UA46060370000065608,Пустомитiвська,тис. грн,Q2 2021,97228.26
UA46060390000035967,Рава-Руська,тис. грн,Q2 2021,112998.73
UA46120090000051307,Радехiвська,тис. грн,Q2 2021,168900.81
UA46080090000029798,Ралiвська,тис. грн,Q2 2021,54559.53
UA46100170000077437,Розвадiвська,тис. грн,Q2 2021,50438.08
UA46080110000050484,Рудкiвська,тис. грн,Q2 2021,93494.7
UA46080130000077112,Самбiрська,тис. грн,Q2 2021,173317.06
UA46100190000081766,Сколiвська,тис. грн,Q2 2021,101941.75
UA46100210000027970,Славська,тис. грн,Q2 2021,173637.38
UA46120110000062257,Сокальська,тис. грн,Q2 2021,195291.11
UA46060410000052681,Сокiльницька,тис. грн,Q2 2021,74129.54
UA46060430000091455,Солонкiвська,тис. грн,Q2 2021,91440.07
UA46080150000050321,Старосамбiрська,тис. грн,Q2 2021,99510.97
UA46100230000047305,Стрийська,тис. грн,Q2 2021,464879.59
UA46080170000064605,Стрiлкiвська,тис. грн,Q2 2021,54589.65
UA46140070000010135,Судововишнянська,тис. грн,Q2 2021,52454.96
UA46020070000056149,Схiдницька,тис. грн,Q2 2021,72080.25
UA46100250000088835,Тростянецька,тис. грн,Q2 2021,41494.41
UA46020090000057315,Трускавецька,тис. грн,Q2 2021,149277.35
UA46080190000096121,Туркiвська,тис. грн,Q2 2021,117625.16
UA46080210000051983,Хирiвська,тис. грн,Q2 2021,60325.91
UA46100270000094052,Ходорiвська,тис. грн,Q2 2021,98779.81
UA46120130000026331,Червоноградська,тис. грн,Q2 2021,388812.37
UA46140090000079730,Шегинiвська,тис. грн,Q2 2021,54210.43
UA46060450000037997,Щирецька,тис. грн,Q2 2021,46233.96
UA46140110000063568,Яворiвська,тис. грн,Q2 2021,213293.21
UA46120010000054878,Белзька,тис. грн,Q3 2021,79038.09
UA46060010000049728,Бiбрська,тис. грн,Q3 2021,109031.55
UA46080010000010628,Бiсковицька,тис. грн,Q3 2021,95418.47
UA46080030000048662,Боринська,тис. грн,Q3 2021,146537.45
UA46020010000073886,Бориславська,тис. грн,Q3 2021,264845.23
UA46040010000033885,Бродiвська,тис. грн,Q3 2021,278813.75
UA46040030000058332,Буська,тис. грн,Q3 2021,201430.43
UA46060030000020652,Великолюбiнська,тис. грн,Q3 2021,62497.1
UA46120030000069375,Великомостiвська,тис. грн,Q3 2021,91355.8
UA46060050000016451,Глинянська,тис. грн,Q3 2021,60591.49
UA46100010000066018,Гнiздичiвська,тис. грн,Q3 2021,52018.46
UA46060070000047720,Городоцька,тис. грн,Q3 2021,274763.11
UA46100030000016064,Грабовецько-Дулiбiвська,тис. грн,Q3 2021,74546.5
UA46060090000017373,Давидiвська,тис. грн,Q3 2021,194353.72
UA46080050000015399,Добромильська,тис. грн,Q3 2021,105305.33
UA46060110000011684,Добросинсько-Магерiвська,тис. грн,Q3 2021,89239.02
UA46120050000027080,Добротвiрська,тис. грн,Q3 2021,88980.51
UA46020030000019252,Дрогобицька,тис. грн,Q3 2021,629827.94
UA46100050000053848,Жидачiвська,тис. грн,Q3 2021,119587.66
UA46060130000059055,Жовкiвська,тис. грн,Q3 2021,225849.43
UA46060150000060045,Жовтанецька,тис. грн,Q3 2021,81968.13
UA46100070000076013,Журавненська,тис. грн,Q3 2021,58363.05
UA46040050000062043,Заболотцiвська,тис. грн,Q3 2021,45989.48
UA46060170000014754,Зимноводiвська,тис. грн,Q3 2021,170506.89
UA46040070000032075,Золочiвська,тис. грн,Q3 2021,287415.13
UA46140010000081849,Івано-Франківська,тис. грн,Q3 2021,152043.18
UA46060190000038354,Кам'янка-Бузька,тис. грн,Q3 2021,153699.91
UA46100090000076723,Козiвська,тис. грн,Q3 2021,80949.13
UA46060210000047788,Комарнiвська,тис. грн,Q3 2021,82890.42
UA46040090000012087,Красненська,тис. грн,Q3 2021,101241.78
UA46060230000093092,Куликiвська,тис. грн,Q3 2021,73237.32
UA46120070000071541,Лопатинська,тис. грн,Q3 2021,71116.22
UA46060250000025047,Львiвська,тис. грн,Q3 2021,8044381.05
UA46020050000037271,Меденицька,тис. грн,Q3 2021,105952.92
UA46100110000018989,Миколаївська,тис. грн,Q3 2021,221401.96
UA46100130000048262,Моршинська,тис. грн,Q3 2021,96992.74
UA46140030000023506,Мостиська,тис. грн,Q3 2021,204165.27
UA46060270000027170,Мурованська,тис. грн,Q3 2021,99032.49
UA46080070000035761,Новокалинiвська,тис. грн,Q3 2021,89952.9
UA46100150000087495,Новороздiльська,тис. грн,Q3 2021,180517.48
UA46140050000054478,Новояворiвська,тис. грн,Q3 2021,328706.08
UA46060290000052876,Новояричiвська,тис. грн,Q3 2021,134844.08
UA46060310000086550,Оброшинська,тис. грн,Q3 2021,70439.14
UA46060330000065074,Перемишлянська,тис. грн,Q3 2021,149062.29
UA46060350000036006,Пiдберiзцiвська,тис. грн,Q3 2021,94085.07
UA46040110000093394,Пiдкамiнська,тис. грн,Q3 2021,60839.07
UA46040130000035029,Поморянська,тис. грн,Q3 2021,37535.59
UA46060370000065608,Пустомитiвська,тис. грн,Q3 2021,145186.95
UA46060390000035967,Рава-Руська,тис. грн,Q3 2021,157426.69
UA46120090000051307,Радехiвська,тис. грн,Q3 2021,242322.22
UA46080090000029798,Ралiвська,тис. грн,Q3 2021,82553.36
UA46100170000077437,Розвадiвська,тис. грн,Q3 2021,73556.37
UA46080110000050484,Рудкiвська,тис. грн,Q3 2021,135776.67
UA46080130000077112,Самбiрська,тис. грн,Q3 2021,255992.55
UA46100190000081766,Сколiвська,тис. грн,Q3 2021,150612.08
UA46100210000027970,Славська,тис. грн,Q3 2021,253324.33
UA46120110000062257,Сокальська,тис. грн,Q3 2021,297956.29
UA46060410000052681,Сокiльницька,тис. грн,Q3 2021,106989.6
UA46060430000091455,Солонкiвська,тис. грн,Q3 2021,139262.3
UA46080150000050321,Старосамбiрська,тис. грн,Q3 2021,144171.19
UA46100230000047305,Стрийська,тис. грн,Q3 2021,693208.46
UA46080170000064605,Стрiлкiвська,тис. грн,Q3 2021,75120.21
UA46140070000010135,Судововишнянська,тис. грн,Q3 2021,81479.8
UA46020070000056149,Схiдницька,тис. грн,Q3 2021,119045.22
UA46100250000088835,Тростянецька,тис. грн,Q3 2021,58954.25
UA46020090000057315,Трускавецька,тис. грн,Q3 2021,229634.46
UA46080190000096121,Туркiвська,тис. грн,Q3 2021,163974.17
UA46080210000051983,Хирiвська,тис. грн,Q3 2021,83936.31
UA46100270000094052,Ходорiвська,тис. грн,Q3 2021,142225.21
UA46120130000026331,Червоноградська,тис. грн,Q3 2021,555836.48
UA46140090000079730,Шегинiвська,тис. грн,Q3 2021,83319.68
UA46060450000037997,Щирецька,тис. грн,Q3 2021,65593.25
UA46140110000063568,Яворiвська,тис. грн,Q3 2021,316129.61
UA46120010000054878,Белзька,тис. грн,Q4 2021,119203.05
UA46060010000049728,Бiбрська,тис. грн,Q4 2021,167125.7
UA46080010000010628,Бiсковицька,тис. грн,Q4 2021,154336.95
UA46080030000048662,Боринська,тис. грн,Q4 2021,211376.37
UA46020010000073886,Бориславська,тис. грн,Q4 2021,394486.39
UA46040010000033885,Бродiвська,тис. грн,Q4 2021,407279.64
UA46040030000058332,Буська,тис. грн,Q4 2021,301589.27
UA46060030000020652,Великолюбiнська,тис. грн,Q4 2021,92408.25
UA46120030000069375,Великомостiвська,тис. грн,Q4 2021,131785.63
UA46060050000016451,Глинянська,тис. грн,Q4 2021,86358.55
UA46100010000066018,Гнiздичiвська,тис. грн,Q4 2021,81465.24
UA46060070000047720,Городоцька,тис. грн,Q4 2021,436899.64
UA46100030000016064,Грабовецько-Дулiбiвська,тис. грн,Q4 2021,116218.45
UA46060090000017373,Давидiвська,тис. грн,Q4 2021,295946.07
UA46080050000015399,Добромильська,тис. грн,Q4 2021,160069.44
UA46060110000011684,Добросинсько-Магерiвська,тис. грн,Q4 2021,128002.35
UA46120050000027080,Добротвiрська,тис. грн,Q4 2021,127948.32
UA46020030000019252,Дрогобицька,тис. грн,Q4 2021,969181.66
UA46100050000053848,Жидачiвська,тис. грн,Q4 2021,173206.84
UA46060130000059055,Жовкiвська,тис. грн,Q4 2021,340901.88
UA46060150000060045,Жовтанецька,тис. грн,Q4 2021,115972.49
UA46100070000076013,Журавненська,тис. грн,Q4 2021,85428.4
UA46040050000062043,Заболотцiвська,тис. грн,Q4 2021,65807.13
UA46060170000014754,Зимноводiвська,тис. грн,Q4 2021,240788.14
UA46040070000032075,Золочiвська,тис. грн,Q4 2021,434509.88
UA46140010000081849,Івано-Франківська,тис. грн,Q4 2021,216398.9
UA46060190000038354,Кам'янка-Бузька,тис. грн,Q4 2021,221862.79
UA46100090000076723,Козiвська,тис. грн,Q4 2021,116520.79
UA46060210000047788,Комарнiвська,тис. грн,Q4 2021,118025.66
UA46040090000012087,Красненська,тис. грн,Q4 2021,146356.04
UA46060230000093092,Куликiвська,тис. грн,Q4 2021,109067.4
UA46120070000071541,Лопатинська,тис. грн,Q4 2021,104881.88
UA46060250000025047,Львiвська,тис. грн,Q4 2021,11649659.59
UA46020050000037271,Меденицька,тис. грн,Q4 2021,159645.04
UA46100110000018989,Миколаївська,тис. грн,Q4 2021,325229.27
UA46100130000048262,Моршинська,тис. грн,Q4 2021,157722.55
UA46140030000023506,Мостиська,тис. грн,Q4 2021,304865.46
UA46060270000027170,Мурованська,тис. грн,Q4 2021,152024.22
UA46080070000035761,Новокалинiвська,тис. грн,Q4 2021,137082.66
UA46100150000087495,Новороздiльська,тис. грн,Q4 2021,347319.67
UA46140050000054478,Новояворiвська,тис. грн,Q4 2021,548038.14
UA46060290000052876,Новояричiвська,тис. грн,Q4 2021,203828.07
UA46060310000086550,Оброшинська,тис. грн,Q4 2021,98589.27
UA46060330000065074,Перемишлянська,тис. грн,Q4 2021,229436.62
UA46060350000036006,Пiдберiзцiвська,тис. грн,Q4 2021,136057.87
UA46040110000093394,Пiдкамiнська,тис. грн,Q4 2021,88370.44
UA46040130000035029,Поморянська,тис. грн,Q4 2021,54762.67
UA46060370000065608,Пустомитiвська,тис. грн,Q4 2021,220365.33
UA46060390000035967,Рава-Руська,тис. грн,Q4 2021,236610.63
UA46120090000051307,Радехiвська,тис. грн,Q4 2021,353584.37
UA46080090000029798,Ралiвська,тис. грн,Q4 2021,117943.59
UA46100170000077437,Розвадiвська,тис. грн,Q4 2021,108132.68
UA46080110000050484,Рудкiвська,тис. грн,Q4 2021,195640.88
UA46080130000077112,Самбiрська,тис. грн,Q4 2021,361864.29
UA46100190000081766,Сколiвська,тис. грн,Q4 2021,225836.61
UA46100210000027970,Славська,тис. грн,Q4 2021,340364.6
UA46120110000062257,Сокальська,тис. грн,Q4 2021,433982.51
UA46060410000052681,Сокiльницька,тис. грн,Q4 2021,165364.1
UA46060430000091455,Солонкiвська,тис. грн,Q4 2021,208044.83
UA46080150000050321,Старосамбiрська,тис. грн,Q4 2021,220586.08
UA46100230000047305,Стрийська,тис. грн,Q4 2021,1012360.38
UA46080170000064605,Стрiлкiвська,тис. грн,Q4 2021,107151.32
UA46140070000010135,Судововишнянська,тис. грн,Q4 2021,132915.44
UA46020070000056149,Схiдницька,тис. грн,Q4 2021,175150.71
UA46100250000088835,Тростянецька,тис. грн,Q4 2021,88005.18
UA46020090000057315,Трускавецька,тис. грн,Q4 2021,349353.26
UA46080190000096121,Туркiвська,тис. грн,Q4 2021,230250.57
UA46080210000051983,Хирiвська,тис. грн,Q4 2021,118656.77
UA46100270000094052,Ходорiвська,тис. грн,Q4 2021,215709.31
UA46120130000026331,Червоноградська,тис. грн,Q4 2021,796159.83
UA46140090000079730,Шегинiвська,тис. грн,Q4 2021,125935.22
UA46060450000037997,Щирецька,тис. грн,Q4 2021,94395.44
UA46140110000063568,Яворiвська,тис. грн,Q4 2021,479646.96
UA46120010000054878,Белзька,тис. грн,Q1 2022,22826.99
UA46060010000049728,Бiбрська,тис. грн,Q1 2022,34104.43
UA46080010000010628,Бiсковицька,тис. грн,Q1 2022,43101.28
UA46080030000048662,Боринська,тис. грн,Q1 2022,47813.51
UA46020010000073886,Бориславська,тис. грн,Q1 2022,87516.75
UA46040010000033885,Бродiвська,тис. грн,Q1 2022,99696.39
UA46040030000058332,Буська,тис. грн,Q1 2022,69230.59
UA46060030000020652,Великолюбiнська,тис. грн,Q1 2022,20290.87
UA46120030000069375,Великомостiвська,тис. грн,Q1 2022,35495.54
UA46060050000016451,Глинянська,тис. грн,Q1 2022,19983.05
UA46100010000066018,Гнiздичiвська,тис. грн,Q1 2022,13726.32
UA46060070000047720,Городоцька,тис. грн,Q1 2022,91140.65
UA46100030000016064,Грабовецько-Дулiбiвська,тис. грн,Q1 2022,27268.5
UA46060090000017373,Давидiвська,тис. грн,Q1 2022,95730.14
UA46080050000015399,Добромильська,тис. грн,Q1 2022,32331.06
UA46060110000011684,Добросинсько-Магерiвська,тис. грн,Q1 2022,32174.43
UA46120050000027080,Добротвiрська,тис. грн,Q1 2022,27087.96
UA46020030000019252,Дрогобицька,тис. грн,Q1 2022,226830.32
UA46100050000053848,Жидачiвська,тис. грн,Q1 2022,38855.32
UA46060130000059055,Жовкiвська,тис. грн,Q1 2022,72480.94
UA46060150000060045,Жовтанецька,тис. грн,Q1 2022,26431.89
UA46100070000076013,Журавненська,тис. грн,Q1 2022,22045.94
UA46040050000062043,Заболотцiвська,тис. грн,Q1 2022,12828.88
UA46060170000014754,Зимноводiвська,тис. грн,Q1 2022,57870.76
UA46040070000032075,Золочiвська,тис. грн,Q1 2022,111708.58
UA46140010000081849,Івано-Франківська,тис. грн,Q1 2022,56869.59
UA46060190000038354,Кам'янка-Бузька,тис. грн,Q1 2022,55960.23
UA46100090000076723,Козiвська,тис. грн,Q1 2022,28629.74
UA46060210000047788,Комарнiвська,тис. грн,Q1 2022,28126.02
UA46040090000012087,Красненська,тис. грн,Q1 2022,33076.32
UA46060230000093092,Куликiвська,тис. грн,Q1 2022,25573.62
UA46120070000071541,Лопатинська,тис. грн,Q1 2022,20442.76
UA46060250000025047,Львiвська,тис. грн,Q1 2022,2900533.31
UA46020050000037271,Меденицька,тис. грн,Q1 2022,40781.28
UA46100110000018989,Миколаївська,тис. грн,Q1 2022,81758.17
UA46100130000048262,Моршинська,тис. грн,Q1 2022,34964.2
UA46140030000023506,Мостиська,тис. грн,Q1 2022,67430.76
UA46060270000027170,Мурованська,тис. грн,Q1 2022,27611.18
UA46080070000035761,Новокалинiвська,тис. грн,Q1 2022,30248.39
UA46100150000087495,Новороздiльська,тис. грн,Q1 2022,58501.64
UA46140050000054478,Новояворiвська,тис. грн,Q1 2022,121380.39
UA46060290000052876,Новояричiвська,тис. грн,Q1 2022,39300.32
UA46060310000086550,Оброшинська,тис. грн,Q1 2022,18465.89
UA46060330000065074,Перемишлянська,тис. грн,Q1 2022,51560.98
UA46060350000036006,Пiдберiзцiвська,тис. грн,Q1 2022,39872.39
UA46040110000093394,Пiдкамiнська,тис. грн,Q1 2022,19484.17
UA46040130000035029,Поморянська,тис. грн,Q1 2022,16630.12
UA46060370000065608,Пустомитiвська,тис. грн,Q1 2022,52338.15
UA46060390000035967,Рава-Руська,тис. грн,Q1 2022,55512.39
UA46120090000051307,Радехiвська,тис. грн,Q1 2022,79670.56
UA46080090000029798,Ралiвська,тис. грн,Q1 2022,25444.51
UA46100170000077437,Розвадiвська,тис. грн,Q1 2022,26776.36
UA46080110000050484,Рудкiвська,тис. грн,Q1 2022,47870.29
UA46080130000077112,Самбiрська,тис. грн,Q1 2022,80226.77
UA46100190000081766,Сколiвська,тис. грн,Q1 2022,53826.34
UA46100210000027970,Славська,тис. грн,Q1 2022,92218.3
UA46120110000062257,Сокальська,тис. грн,Q1 2022,98200.53
UA46060410000052681,Сокiльницька,тис. грн,Q1 2022,39381.5
UA46060430000091455,Солонкiвська,тис. грн,Q1 2022,49731.64
UA46080150000050321,Старосамбiрська,тис. грн,Q1 2022,45288.82
UA46100230000047305,Стрийська,тис. грн,Q1 2022,262945.15
UA46080170000064605,Стрiлкiвська,тис. грн,Q1 2022,25561.27
UA46140070000010135,Судововишнянська,тис. грн,Q1 2022,25395.23
UA46020070000056149,Схiдницька,тис. грн,Q1 2022,35780.82
UA46100250000088835,Тростянецька,тис. грн,Q1 2022,25671.6
UA46020090000057315,Трускавецька,тис. грн,Q1 2022,86940.48
UA46080190000096121,Туркiвська,тис. грн,Q1 2022,48059.67
UA46080210000051983,Хирiвська,тис. грн,Q1 2022,28440.07
UA46100270000094052,Ходорiвська,тис. грн,Q1 2022,49685.05
UA46120130000026331,Червоноградська,тис. грн,Q1 2022,165305.49
UA46140090000079730,Шегинiвська,тис. грн,Q1 2022,25727.53
UA46060450000037997,Щирецька,тис. грн,Q1 2022,21643.1
UA46140110000063568,Яворiвська,тис. грн,Q1 2022,129973.81
UA46120010000054878,Белзька,тис. грн,Q2 2022,54069.55
UA46060010000049728,Бiбрська,тис. грн,Q2 2022,72320.9
UA46080010000010628,Бiсковицька,тис. грн,Q2 2022,82367.63
UA46080030000048662,Боринська,тис. грн,Q2 2022,107072.43
UA46020010000073886,Бориславська,тис. грн,Q2 2022,180858.9
UA46040010000033885,Бродiвська,тис. грн,Q2 2022,231594.1
UA46040030000058332,Буська,тис. грн,Q2 2022,145446.64
UA46060030000020652,Великолюбiнська,тис. грн,Q2 2022,40616.37
UA46120030000069375,Великомостiвська,тис. грн,Q2 2022,103600.95
UA46060050000016451,Глинянська,тис. грн,Q2 2022,41971.79
UA46100010000066018,Гнiздичiвська,тис. грн,Q2 2022,30483.17
UA46060070000047720,Городоцька,тис. грн,Q2 2022,192040.99
UA46100030000016064,Грабовецько-Дулiбiвська,тис. грн,Q2 2022,55661.79
UA46060090000017373,Давидiвська,тис. грн,Q2 2022,150607.92
UA46080050000015399,Добромильська,тис. грн,Q2 2022,67980.45
UA46060110000011684,Добросинсько-Магерiвська,тис. грн,Q2 2022,69712.74
UA46120050000027080,Добротвiрська,тис. грн,Q2 2022,59057.08
UA46020030000019252,Дрогобицька,тис. грн,Q2 2022,517146.86
UA46100050000053848,Жидачiвська,тис. грн,Q2 2022,86811.73
UA46060130000059055,Жовкiвська,тис. грн,Q2 2022,167919.77
UA46060150000060045,Жовтанецька,тис. грн,Q2 2022,61618.09
UA46100070000076013,Журавненська,тис. грн,Q2 2022,46691.36
UA46040050000062043,Заболотцiвська,тис. грн,Q2 2022,26207.96
UA46060170000014754,Зимноводiвська,тис. грн,Q2 2022,117451.21
UA46040070000032075,Золочiвська,тис. грн,Q2 2022,256087.82
UA46140010000081849,Івано-Франківська,тис. грн,Q2 2022,122045.46
UA46060190000038354,Кам'янка-Бузька,тис. грн,Q2 2022,119958.34
UA46100090000076723,Козiвська,тис. грн,Q2 2022,66417.4
UA46060210000047788,Комарнiвська,тис. грн,Q2 2022,58445.01
UA46040090000012087,Красненська,тис. грн,Q2 2022,70523.22
UA46060230000093092,Куликiвська,тис. грн,Q2 2022,56480.66
UA46120070000071541,Лопатинська,тис. грн,Q2 2022,47032.39
UA46060250000025047,Львiвська,тис. грн,Q2 2022,6380499.45
UA46020050000037271,Меденицька,тис. грн,Q2 2022,92268.58
UA46100110000018989,Миколаївська,тис. грн,Q2 2022,169957.81
UA46100130000048262,Моршинська,тис. грн,Q2 2022,69552.15
UA46140030000023506,Мостиська,тис. грн,Q2 2022,147003.99
UA46060270000027170,Мурованська,тис. грн,Q2 2022,56712.19
UA46080070000035761,Новокалинiвська,тис. грн,Q2 2022,78188.56
UA46100150000087495,Новороздiльська,тис. грн,Q2 2022,125156.2
UA46140050000054478,Новояворiвська,тис. грн,Q2 2022,415069.85
UA46060290000052876,Новояричiвська,тис. грн,Q2 2022,84617.86
UA46060310000086550,Оброшинська,тис. грн,Q2 2022,38609.86
UA46060330000065074,Перемишлянська,тис. грн,Q2 2022,112794.68
UA46060350000036006,Пiдберiзцiвська,тис. грн,Q2 2022,64663.41
UA46040110000093394,Пiдкамiнська,тис. грн,Q2 2022,41742.39
UA46040130000035029,Поморянська,тис. грн,Q2 2022,30173.32
UA46060370000065608,Пустомитiвська,тис. грн,Q2 2022,114525.08
UA46060390000035967,Рава-Руська,тис. грн,Q2 2022,121327.68
UA46120090000051307,Радехiвська,тис. грн,Q2 2022,166818.17
UA46080090000029798,Ралiвська,тис. грн,Q2 2022,57990.26
UA46100170000077437,Розвадiвська,тис. грн,Q2 2022,54637.25
UA46080110000050484,Рудкiвська,тис. грн,Q2 2022,101908.32
UA46080130000077112,Самбiрська,тис. грн,Q2 2022,218739.44
UA46100190000081766,Сколiвська,тис. грн,Q2 2022,113912.1
UA46100210000027970,Славська,тис. грн,Q2 2022,194250.38
UA46120110000062257,Сокальська,тис. грн,Q2 2022,221760.63
UA46060410000052681,Сокiльницька,тис. грн,Q2 2022,78047.81
UA46060430000091455,Солонкiвська,тис. грн,Q2 2022,105877.82
UA46080150000050321,Старосамбiрська,тис. грн,Q2 2022,99853.33
UA46100230000047305,Стрийська,тис. грн,Q2 2022,576882.75
UA46080170000064605,Стрiлкiвська,тис. грн,Q2 2022,57583.09
UA46140070000010135,Судововишнянська,тис. грн,Q2 2022,54177.29
UA46020070000056149,Схiдницька,тис. грн,Q2 2022,76641.55
UA46100250000088835,Тростянецька,тис. грн,Q2 2022,52802.89
UA46020090000057315,Трускавецька,тис. грн,Q2 2022,184844.26
UA46080190000096121,Туркiвська,тис. грн,Q2 2022,108217.56
UA46080210000051983,Хирiвська,тис. грн,Q2 2022,63718.21
UA46100270000094052,Ходорiвська,тис. грн,Q2 2022,104948.15
UA46120130000026331,Червоноградська,тис. грн,Q2 2022,418451.19
UA46140090000079730,Шегинiвська,тис. грн,Q2 2022,55473.34
UA46060450000037997,Щирецька,тис. грн,Q2 2022,47327.72
UA46140110000063568,Яворiвська,тис. грн,Q2 2022,522115.63
UA46120010000054878,Белзька,тис. грн,Q3 2022,83052.27
UA46060010000049728,Бiбрська,тис. грн,Q3 2022,106772.9
UA46080010000010628,Бiсковицька,тис. грн,Q3 2022,115700.67
UA46080030000048662,Боринська,тис. грн,Q3 2022,145958.61
UA46020010000073886,Бориславська,тис. грн,Q3 2022,253645.15
UA46040010000033885,Бродiвська,тис. грн,Q3 2022,347512.35
UA46040030000058332,Буська,тис. грн,Q3 2022,208163.3
UA46060030000020652,Великолюбiнська,тис. грн,Q3 2022,56630.26
UA46120030000069375,Великомостiвська,тис. грн,Q3 2022,180559.06
UA46060050000016451,Глинянська,тис. грн,Q3 2022,58839.24
UA46100010000066018,Гнiздичiвська,тис. грн,Q3 2022,42936.06
UA46060070000047720,Городоцька,тис. грн,Q3 2022,268168.77
UA46100030000016064,Грабовецько-Дулiбiвська,тис. грн,Q3 2022,79398.51
UA46060090000017373,Давидiвська,тис. грн,Q3 2022,212863.49
UA46080050000015399,Добромильська,тис. грн,Q3 2022,95384.56
UA46060110000011684,Добросинсько-Магерiвська,тис. грн,Q3 2022,95968.31
UA46120050000027080,Добротвiрська,тис. грн,Q3 2022,103946.12
UA46020030000019252,Дрогобицька,тис. грн,Q3 2022,810422.9
UA46100050000053848,Жидачiвська,тис. грн,Q3 2022,122857.25
UA46060130000059055,Жовкiвська,тис. грн,Q3 2022,238387.93
UA46060150000060045,Жовтанецька,тис. грн,Q3 2022,87138.84
UA46100070000076013,Журавненська,тис. грн,Q3 2022,64006.96
UA46040050000062043,Заболотцiвська,тис. грн,Q3 2022,37040.34
UA46060170000014754,Зимноводiвська,тис. грн,Q3 2022,172606.36
UA46040070000032075,Золочiвська,тис. грн,Q3 2022,390946.24
UA46140010000081849,Івано-Франківська,тис. грн,Q3 2022,261149.39
UA46060190000038354,Кам'янка-Бузька,тис. грн,Q3 2022,178449.3
UA46100090000076723,Козiвська,тис. грн,Q3 2022,90850.27
UA46060210000047788,Комарнiвська,тис. грн,Q3 2022,81477.59
UA46040090000012087,Красненська,тис. грн,Q3 2022,98472.81
UA46060230000093092,Куликiвська,тис. грн,Q3 2022,84066.51
UA46120070000071541,Лопатинська,тис. грн,Q3 2022,65955.57
UA46060250000025047,Львiвська,тис. грн,Q3 2022,9818283.61
UA46020050000037271,Меденицька,тис. грн,Q3 2022,131638.43
UA46100110000018989,Миколаївська,тис. грн,Q3 2022,243028.97
UA46100130000048262,Моршинська,тис. грн,Q3 2022,101251.92
UA46140030000023506,Мостиська,тис. грн,Q3 2022,223183.97
UA46060270000027170,Мурованська,тис. грн,Q3 2022,84877.32
UA46080070000035761,Новокалинiвська,тис. грн,Q3 2022,121020.58
UA46100150000087495,Новороздiльська,тис. грн,Q3 2022,183244.21
UA46140050000054478,Новояворiвська,тис. грн,Q3 2022,851932.25
UA46060290000052876,Новояричiвська,тис. грн,Q3 2022,126105.26
UA46060310000086550,Оброшинська,тис. грн,Q3 2022,59907.36
UA46060330000065074,Перемишлянська,тис. грн,Q3 2022,163010.8
UA46060350000036006,Пiдберiзцiвська,тис. грн,Q3 2022,97666.86
UA46040110000093394,Пiдкамiнська,тис. грн,Q3 2022,58035.96
UA46040130000035029,Поморянська,тис. грн,Q3 2022,39179.05
UA46060370000065608,Пустомитiвська,тис. грн,Q3 2022,181524.68
UA46060390000035967,Рава-Руська,тис. грн,Q3 2022,177479.34
UA46120090000051307,Радехiвська,тис. грн,Q3 2022,240200.67
UA46080090000029798,Ралiвська,тис. грн,Q3 2022,79198.28
UA46100170000077437,Розвадiвська,тис. грн,Q3 2022,77847.3
UA46080110000050484,Рудкiвська,тис. грн,Q3 2022,141310.66
UA46080130000077112,Самбiрська,тис. грн,Q3 2022,354483.46
UA46100190000081766,Сколiвська,тис. грн,Q3 2022,166577.23
UA46100210000027970,Славська,тис. грн,Q3 2022,279972.14
UA46120110000062257,Сокальська,тис. грн,Q3 2022,327917.99
UA46060410000052681,Сокiльницька,тис. грн,Q3 2022,114183.52
UA46060430000091455,Солонкiвська,тис. грн,Q3 2022,237693.7
UA46080150000050321,Старосамбiрська,тис. грн,Q3 2022,139343.05
UA46100230000047305,Стрийська,тис. грн,Q3 2022,843011.21
UA46080170000064605,Стрiлкiвська,тис. грн,Q3 2022,77521.87
UA46140070000010135,Судововишнянська,тис. грн,Q3 2022,86589.22
UA46020070000056149,Схiдницька,тис. грн,Q3 2022,108986.64
UA46100250000088835,Тростянецька,тис. грн,Q3 2022,71324.41
UA46020090000057315,Трускавецька,тис. грн,Q3 2022,270067.13
UA46080190000096121,Туркiвська,тис. грн,Q3 2022,148126.02
UA46080210000051983,Хирiвська,тис. грн,Q3 2022,88455.61
UA46100270000094052,Ходорiвська,тис. грн,Q3 2022,149131.87
UA46120130000026331,Червоноградська,тис. грн,Q3 2022,664528.72
UA46140090000079730,Шегинiвська,тис. грн,Q3 2022,83160.96
UA46060450000037997,Щирецька,тис. грн,Q3 2022,68978.61
UA46140110000063568,Яворiвська,тис. грн,Q3 2022,1009715.93
UA46120010000054878,Белзька,тис. грн,Q4 2022,115498.79
UA46060010000049728,Бiбрська,тис. грн,Q4 2022,150944.3
UA46080010000010628,Бiсковицька,тис. грн,Q4 2022,155905.41
UA46080030000048662,Боринська,тис. грн,Q4 2022,210943.51
UA46020010000073886,Бориславська,тис. грн,Q4 2022,355085.25
UA46040010000033885,Бродiвська,тис. грн,Q4 2022,494488.89
UA46040030000058332,Буська,тис. грн,Q4 2022,296917.08
UA46060030000020652,Великолюбiнська,тис. грн,Q4 2022,77397.08
UA46120030000069375,Великомостiвська,тис. грн,Q4 2022,279935.45
UA46060050000016451,Глинянська,тис. грн,Q4 2022,85760.78
UA46100010000066018,Гнiздичiвська,тис. грн,Q4 2022,60883.77
UA46060070000047720,Городоцька,тис. грн,Q4 2022,384997.57
UA46100030000016064,Грабовецько-Дулiбiвська,тис. грн,Q4 2022,110699.37
UA46060090000017373,Давидiвська,тис. грн,Q4 2022,296213.1
UA46080050000015399,Добромильська,тис. грн,Q4 2022,139743.43
UA46060110000011684,Добросинсько-Магерiвська,тис. грн,Q4 2022,138020.9
UA46120050000027080,Добротвiрська,тис. грн,Q4 2022,149757.56
UA46020030000019252,Дрогобицька,тис. грн,Q4 2022,1149141.55
UA46100050000053848,Жидачiвська,тис. грн,Q4 2022,172092.2
UA46060130000059055,Жовкiвська,тис. грн,Q4 2022,331231.32
UA46060150000060045,Жовтанецька,тис. грн,Q4 2022,124018.18
UA46100070000076013,Журавненська,тис. грн,Q4 2022,82684.42
UA46040050000062043,Заболотцiвська,тис. грн,Q4 2022,52269.05
UA46060170000014754,Зимноводiвська,тис. грн,Q4 2022,237578.65
UA46040070000032075,Золочiвська,тис. грн,Q4 2022,554540.23
UA46140010000081849,Івано-Франківська,тис. грн,Q4 2022,423314.79
UA46060190000038354,Кам'янка-Бузька,тис. грн,Q4 2022,257804.94
UA46100090000076723,Козiвська,тис. грн,Q4 2022,127507.75
UA46060210000047788,Комарнiвська,тис. грн,Q4 2022,112845.95
UA46040090000012087,Красненська,тис. грн,Q4 2022,140267.14
UA46060230000093092,Куликiвська,тис. грн,Q4 2022,119556.06
UA46120070000071541,Лопатинська,тис. грн,Q4 2022,95336.02
UA46060250000025047,Львiвська,тис. грн,Q4 2022,13876519.55
UA46020050000037271,Меденицька,тис. грн,Q4 2022,177179.07
UA46100110000018989,Миколаївська,тис. грн,Q4 2022,336973.82
UA46100130000048262,Моршинська,тис. грн,Q4 2022,141706.78
UA46140030000023506,Мостиська,тис. грн,Q4 2022,320129.8
UA46060270000027170,Мурованська,тис. грн,Q4 2022,122453.06
UA46080070000035761,Новокалинiвська,тис. грн,Q4 2022,177609.12
UA46100150000087495,Новороздiльська,тис. грн,Q4 2022,250717.55
UA46140050000054478,Новояворiвська,тис. грн,Q4 2022,1258640.81
UA46060290000052876,Новояричiвська,тис. грн,Q4 2022,185273.55
UA46060310000086550,Оброшинська,тис. грн,Q4 2022,100830.18
UA46060330000065074,Перемишлянська,тис. грн,Q4 2022,224689.68
UA46060350000036006,Пiдберiзцiвська,тис. грн,Q4 2022,133620.16
UA46040110000093394,Пiдкамiнська,тис. грн,Q4 2022,93664.59
UA46040130000035029,Поморянська,тис. грн,Q4 2022,56660.8
UA46060370000065608,Пустомитiвська,тис. грн,Q4 2022,243793.17
UA46060390000035967,Рава-Руська,тис. грн,Q4 2022,251072.66
UA46120090000051307,Радехiвська,тис. грн,Q4 2022,340230.39
UA46080090000029798,Ралiвська,тис. грн,Q4 2022,110546.87
UA46100170000077437,Розвадiвська,тис. грн,Q4 2022,107602.65
UA46080110000050484,Рудкiвська,тис. грн,Q4 2022,195561.33
UA46080130000077112,Самбiрська,тис. грн,Q4 2022,512354.39
UA46100190000081766,Сколiвська,тис. грн,Q4 2022,243434.32
UA46100210000027970,Славська,тис. грн,Q4 2022,378990.74
UA46120110000062257,Сокальська,тис. грн,Q4 2022,471754.36
UA46060410000052681,Сокiльницька,тис. грн,Q4 2022,168057.11
UA46060430000091455,Солонкiвська,тис. грн,Q4 2022,460320.79
UA46080150000050321,Старосамбiрська,тис. грн,Q4 2022,191991.52
UA46100230000047305,Стрийська,тис. грн,Q4 2022,1173316.97
UA46080170000064605,Стрiлкiвська,тис. грн,Q4 2022,107017.65
UA46140070000010135,Судововишнянська,тис. грн,Q4 2022,117046.98
UA46020070000056149,Схiдницька,тис. грн,Q4 2022,152441.47
UA46100250000088835,Тростянецька,тис. грн,Q4 2022,98541.09
UA46020090000057315,Трускавецька,тис. грн,Q4 2022,373407.62
UA46080190000096121,Туркiвська,тис. грн,Q4 2022,204885.85
UA46080210000051983,Хирiвська,тис. грн,Q4 2022,122143.31
UA46100270000094052,Ходорiвська,тис. грн,Q4 2022,206184.86
UA46120130000026331,Червоноградська,тис. грн,Q4 2022,933918.22
UA46140090000079730,Шегинiвська,тис. грн,Q4 2022,122650.05
UA46060450000037997,Щирецька,тис. грн,Q4 2022,95587.47
UA46140110000063568,Яворiвська,тис. грн,Q4 2022,1516127.09
UA46120010000054878,Белзька,тис. грн,Q1 2023,30345.59
UA46060010000049728,Бiбрська,тис. грн,Q1 2023,37909.5
UA46080010000010628,Бiсковицька,тис. грн,Q1 2023,36973.67
UA46080030000048662,Боринська,тис. грн,Q1 2023,56235.28
UA46020010000073886,Бориславська,тис. грн,Q1 2023,92563.49
UA46040010000033885,Бродiвська,тис. грн,Q1 2023,127423.12
UA46040030000058332,Буська,тис. грн,Q1 2023,73289.66
UA46060030000020652,Великолюбiнська,тис. грн,Q1 2023,32738.52
UA46120030000069375,Великомостiвська,тис. грн,Q1 2023,63997.66
UA46060050000016451,Глинянська,тис. грн,Q1 2023,22878.14
UA46100010000066018,Гнiздичiвська,тис. грн,Q1 2023,16660.88
UA46060070000047720,Городоцька,тис. грн,Q1 2023,102608.42
UA46100030000016064,Грабовецько-Дулiбiвська,тис. грн,Q1 2023,31159.77
UA46060090000017373,Давидiвська,тис. грн,Q1 2023,85642.02
UA46080050000015399,Добромильська,тис. грн,Q1 2023,36160.3
UA46060110000011684,Добросинсько-Магерiвська,тис. грн,Q1 2023,33974.81
UA46120050000027080,Добротвiрська,тис. грн,Q1 2023,40236.1
UA46020030000019252,Дрогобицька,тис. грн,Q1 2023,296160.27
UA46100050000053848,Жидачiвська,тис. грн,Q1 2023,44464.57
UA46060130000059055,Жовкiвська,тис. грн,Q1 2023,81887.63
UA46060150000060045,Жовтанецька,тис. грн,Q1 2023,26431.72
UA46100070000076013,Журавненська,тис. грн,Q1 2023,22394.72
UA46040050000062043,Заболотцiвська,тис. грн,Q1 2023,18845.48
UA46060170000014754,Зимноводiвська,тис. грн,Q1 2023,62822.31
UA46040070000032075,Золочiвська,тис. грн,Q1 2023,132455.57
UA46140010000081849,Івано-Франківська,тис. грн,Q1 2023,133886.56
UA46060190000038354,Кам'янка-Бузька,тис. грн,Q1 2023,68020.88
UA46100090000076723,Козiвська,тис. грн,Q1 2023,32455.79
UA46060210000047788,Комарнiвська,тис. грн,Q1 2023,28770.8
UA46040090000012087,Красненська,тис. грн,Q1 2023,38765.96
UA46060230000093092,Куликiвська,тис. грн,Q1 2023,28235.41
UA46120070000071541,Лопатинська,тис. грн,Q1 2023,26859.87
UA46060250000025047,Львiвська,тис. грн,Q1 2023,3659384.18
UA46020050000037271,Меденицька,тис. грн,Q1 2023,39367.33
UA46100110000018989,Миколаївська,тис. грн,Q1 2023,86711.8
UA46100130000048262,Моршинська,тис. грн,Q1 2023,37739.28
UA46140030000023506,Мостиська,тис. грн,Q1 2023,78160.97
UA46060270000027170,Мурованська,тис. грн,Q1 2023,34351.01
UA46080070000035761,Новокалинiвська,тис. грн,Q1 2023,42612.25
UA46100150000087495,Новороздiльська,тис. грн,Q1 2023,67434.55
UA46140050000054478,Новояворiвська,тис. грн,Q1 2023,323907.1
UA46060290000052876,Новояричiвська,тис. грн,Q1 2023,56233.93
UA46060310000086550,Оброшинська,тис. грн,Q1 2023,22195.39
UA46060330000065074,Перемишлянська,тис. грн,Q1 2023,43376.73
UA46060350000036006,Пiдберiзцiвська,тис. грн,Q1 2023,34341.34
UA46040110000093394,Пiдкамiнська,тис. грн,Q1 2023,21205.02
UA46040130000035029,Поморянська,тис. грн,Q1 2023,14749.46
UA46060370000065608,Пустомитiвська,тис. грн,Q1 2023,59983.64
UA46060390000035967,Рава-Руська,тис. грн,Q1 2023,68325.18
UA46120090000051307,Радехiвська,тис. грн,Q1 2023,99033.13
UA46080090000029798,Ралiвська,тис. грн,Q1 2023,27863.73
UA46100170000077437,Розвадiвська,тис. грн,Q1 2023,29369.75
UA46080110000050484,Рудкiвська,тис. грн,Q1 2023,49921.02
UA46080130000077112,Самбiрська,тис. грн,Q1 2023,136615.24
UA46100190000081766,Сколiвська,тис. грн,Q1 2023,69798.97
UA46100210000027970,Славська,тис. грн,Q1 2023,99716.26
UA46120110000062257,Сокальська,тис. грн,Q1 2023,113961.43
UA46060410000052681,Сокiльницька,тис. грн,Q1 2023,51813.65
UA46060430000091455,Солонкiвська,тис. грн,Q1 2023,160861.33
UA46080150000050321,Старосамбiрська,тис. грн,Q1 2023,56678.29
UA46100230000047305,Стрийська,тис. грн,Q1 2023,286576.72
UA46080170000064605,Стрiлкiвська,тис. грн,Q1 2023,29417.41
UA46140070000010135,Судововишнянська,тис. грн,Q1 2023,35613.37
UA46020070000056149,Схiдницька,тис. грн,Q1 2023,43320.11
UA46100250000088835,Тростянецька,тис. грн,Q1 2023,24010.86
UA46020090000057315,Трускавецька,тис. грн,Q1 2023,102498.85
UA46080190000096121,Туркiвська,тис. грн,Q1 2023,73539.77
UA46080210000051983,Хирiвська,тис. грн,Q1 2023,33213.7
UA46100270000094052,Ходорiвська,тис. грн,Q1 2023,50881.99
UA46120130000026331,Червоноградська,тис. грн,Q1 2023,228530.4
UA46140090000079730,Шегинiвська,тис. грн,Q1 2023,37995.18
UA46060450000037997,Щирецька,тис. грн,Q1 2023,29274.26
UA46140110000063568,Яворiвська,тис. грн,Q1 2023,410697.92
UA46120010000054878,Белзька,тис. грн,Q2 2023,65433.23
UA46060010000049728,Бiбрська,тис. грн,Q2 2023,86098.35
UA46080010000010628,Бiсковицька,тис. грн,Q2 2023,89981.22
UA46080030000048662,Боринська,тис. грн,Q2 2023,121679.89
UA46020010000073886,Бориславська,тис. грн,Q2 2023,204327.89
UA46040010000033885,Бродiвська,тис. грн,Q2 2023,277988.53
UA46040030000058332,Буська,тис. грн,Q2 2023,167329.68
UA46060030000020652,Великолюбiнська,тис. грн,Q2 2023,62902.22
UA46120030000069375,Великомостiвська,тис. грн,Q2 2023,153001.9
UA46060050000016451,Глинянська,тис. грн,Q2 2023,50038.8
UA46100010000066018,Гнiздичiвська,тис. грн,Q2 2023,37538.77
UA46060070000047720,Городоцька,тис. грн,Q2 2023,231308.12
UA46100030000016064,Грабовецько-Дулiбiвська,тис. грн,Q2 2023,70706.84
UA46060090000017373,Давидiвська,тис. грн,Q2 2023,189712.48
UA46080050000015399,Добромильська,тис. грн,Q2 2023,79548.15
UA46060110000011684,Добросинсько-Магерiвська,тис. грн,Q2 2023,84404.7
UA46120050000027080,Добротвiрська,тис. грн,Q2 2023,83330.88
UA46020030000019252,Дрогобицька,тис. грн,Q2 2023,627674.42
UA46100050000053848,Жидачiвська,тис. грн,Q2 2023,102365.74
UA46060130000059055,Жовкiвська,тис. грн,Q2 2023,189944.06
UA46060150000060045,Жовтанецька,тис. грн,Q2 2023,68114.95
UA46100070000076013,Журавненська,тис. грн,Q2 2023,51269.74
UA46040050000062043,Заболотцiвська,тис. грн,Q2 2023,40124.22
UA46060170000014754,Зимноводiвська,тис. грн,Q2 2023,144310.45
UA46040070000032075,Золочiвська,тис. грн,Q2 2023,285755.35
UA46140010000081849,Івано-Франківська,тис. грн,Q2 2023,267166.68
UA46060190000038354,Кам'янка-Бузька,тис. грн,Q2 2023,149977.15
UA46100090000076723,Козiвська,тис. грн,Q2 2023,75780.29
UA46060210000047788,Комарнiвська,тис. грн,Q2 2023,65934.05
UA46040090000012087,Красненська,тис. грн,Q2 2023,86357.53
UA46060230000093092,Куликiвська,тис. грн,Q2 2023,63457.84
UA46120070000071541,Лопатинська,тис. грн,Q2 2023,58582.17
UA46060250000025047,Львiвська,тис. грн,Q2 2023,7810676.57
UA46020050000037271,Меденицька,тис. грн,Q2 2023,87764.46
UA46100110000018989,Миколаївська,тис. грн,Q2 2023,195743.66
UA46100130000048262,Моршинська,тис. грн,Q2 2023,109133.29
UA46140030000023506,Мостиська,тис. грн,Q2 2023,184605.14
UA46060270000027170,Мурованська,тис. грн,Q2 2023,80719.51
UA46080070000035761,Новокалинiвська,тис. грн,Q2 2023,85901.0
UA46100150000087495,Новороздiльська,тис. грн,Q2 2023,147761.91
UA46140050000054478,Новояворiвська,тис. грн,Q2 2023,613193.18
UA46060290000052876,Новояричiвська,тис. грн,Q2 2023,128501.82
UA46060310000086550,Оброшинська,тис. грн,Q2 2023,81633.02
UA46060330000065074,Перемишлянська,тис. грн,Q2 2023,108542.14
UA46060350000036006,Пiдберiзцiвська,тис. грн,Q2 2023,76224.76
UA46040110000093394,Пiдкамiнська,тис. грн,Q2 2023,51014.51
UA46040130000035029,Поморянська,тис. грн,Q2 2023,40945.75
UA46060370000065608,Пустомитiвська,тис. грн,Q2 2023,149300.05
UA46060390000035967,Рава-Руська,тис. грн,Q2 2023,151914.15
UA46120090000051307,Радехiвська,тис. грн,Q2 2023,217059.03
UA46080090000029798,Ралiвська,тис. грн,Q2 2023,63616.47
UA46100170000077437,Розвадiвська,тис. грн,Q2 2023,65563.07
UA46080110000050484,Рудкiвська,тис. грн,Q2 2023,115420.93
UA46080130000077112,Самбiрська,тис. грн,Q2 2023,283437.47
UA46100190000081766,Сколiвська,тис. грн,Q2 2023,173292.69
UA46100210000027970,Славська,тис. грн,Q2 2023,240933.55
UA46120110000062257,Сокальська,тис. грн,Q2 2023,238030.11
UA46060410000052681,Сокiльницька,тис. грн,Q2 2023,108534.79
UA46060430000091455,Солонкiвська,тис. грн,Q2 2023,341516.99
UA46080150000050321,Старосамбiрська,тис. грн,Q2 2023,130395.49
UA46100230000047305,Стрийська,тис. грн,Q2 2023,628399.33
UA46080170000064605,Стрiлкiвська,тис. грн,Q2 2023,67137.23
UA46140070000010135,Судововишнянська,тис. грн,Q2 2023,70505.28
UA46020070000056149,Схiдницька,тис. грн,Q2 2023,102889.78
UA46100250000088835,Тростянецька,тис. грн,Q2 2023,56199.39
UA46020090000057315,Трускавецька,тис. грн,Q2 2023,226714.18
UA46080190000096121,Туркiвська,тис. грн,Q2 2023,154131.81
UA46080210000051983,Хирiвська,тис. грн,Q2 2023,74525.39
UA46100270000094052,Ходорiвська,тис. грн,Q2 2023,112608.27
UA46120130000026331,Червоноградська,тис. грн,Q2 2023,490028.43
UA46140090000079730,Шегинiвська,тис. грн,Q2 2023,78161.05
UA46060450000037997,Щирецька,тис. грн,Q2 2023,65204.88
UA46140110000063568,Яворiвська,тис. грн,Q2 2023,832494.1
UA46120010000054878,Белзька,тис. грн,Q3 2023,101095.57
UA46060010000049728,Бiбрська,тис. грн,Q3 2023,131018.96
UA46080010000010628,Бiсковицька,тис. грн,Q3 2023,138680.97
UA46080030000048662,Боринська,тис. грн,Q3 2023,168545.35
UA46020010000073886,Бориславська,тис. грн,Q3 2023,305318.48
UA46040010000033885,Бродiвська,тис. грн,Q3 2023,410470.37
UA46040030000058332,Буська,тис. грн,Q3 2023,245111.28
UA46060030000020652,Великолюбiнська,тис. грн,Q3 2023,82773.71
UA46120030000069375,Великомостiвська,тис. грн,Q3 2023,225653.27
UA46060050000016451,Глинянська,тис. грн,Q3 2023,73037.73
UA46100010000066018,Гнiздичiвська,тис. грн,Q3 2023,54020.13
UA46060070000047720,Городоцька,тис. грн,Q3 2023,356556.11
UA46100030000016064,Грабовецько-Дулiбiвська,тис. грн,Q3 2023,100720.24
UA46060090000017373,Давидiвська,тис. грн,Q3 2023,315927.11
UA46080050000015399,Добромильська,тис. грн,Q3 2023,112374.16
UA46060110000011684,Добросинсько-Магерiвська,тис. грн,Q3 2023,116795.41
UA46120050000027080,Добротвiрська,тис. грн,Q3 2023,116479.08
UA46020030000019252,Дрогобицька,тис. грн,Q3 2023,931452.55
UA46100050000053848,Жидачiвська,тис. грн,Q3 2023,148903.85
UA46060130000059055,Жовкiвська,тис. грн,Q3 2023,281169.11
UA46060150000060045,Жовтанецька,тис. грн,Q3 2023,100951.46
UA46100070000076013,Журавненська,тис. грн,Q3 2023,74448.71
UA46040050000062043,Заболотцiвська,тис. грн,Q3 2023,54622.05
UA46060170000014754,Зимноводiвська,тис. грн,Q3 2023,219317.78
UA46040070000032075,Золочiвська,тис. грн,Q3 2023,402931.04
UA46140010000081849,Івано-Франківська,тис. грн,Q3 2023,391786.93
UA46060190000038354,Кам'янка-Бузька,тис. грн,Q3 2023,218870.67
UA46100090000076723,Козiвська,тис. грн,Q3 2023,103102.33
UA46060210000047788,Комарнiвська,тис. грн,Q3 2023,101425.4
UA46040090000012087,Красненська,тис. грн,Q3 2023,127914.25
UA46060230000093092,Куликiвська,тис. грн,Q3 2023,94032.56
UA46120070000071541,Лопатинська,тис. грн,Q3 2023,83260.05
UA46060250000025047,Львiвська,тис. грн,Q3 2023,11818829.16
UA46020050000037271,Меденицька,тис. грн,Q3 2023,126755.2
UA46100110000018989,Миколаївська,тис. грн,Q3 2023,280686.84
UA46100130000048262,Моршинська,тис. грн,Q3 2023,179349.87
UA46140030000023506,Мостиська,тис. грн,Q3 2023,268558.65
UA46060270000027170,Мурованська,тис. грн,Q3 2023,142223.87
UA46080070000035761,Новокалинiвська,тис. грн,Q3 2023,125404.83
UA46100150000087495,Новороздiльська,тис. грн,Q3 2023,221027.15
UA46140050000054478,Новояворiвська,тис. грн,Q3 2023,901659.58
UA46060290000052876,Новояричiвська,тис. грн,Q3 2023,182537.49
UA46060310000086550,Оброшинська,тис. грн,Q3 2023,129588.58
UA46060330000065074,Перемишлянська,тис. грн,Q3 2023,178161.83
UA46060350000036006,Пiдберiзцiвська,тис. грн,Q3 2023,143493.0
UA46040110000093394,Пiдкамiнська,тис. грн,Q3 2023,72879.21
UA46040130000035029,Поморянська,тис. грн,Q3 2023,61789.14
UA46060370000065608,Пустомитiвська,тис. грн,Q3 2023,239406.98
UA46060390000035967,Рава-Руська,тис. грн,Q3 2023,215954.34
UA46120090000051307,Радехiвська,тис. грн,Q3 2023,312981.49
UA46080090000029798,Ралiвська,тис. грн,Q3 2023,91886.65
UA46100170000077437,Розвадiвська,тис. грн,Q3 2023,94960.98
UA46080110000050484,Рудкiвська,тис. грн,Q3 2023,171823.0
UA46080130000077112,Самбiрська,тис. грн,Q3 2023,404096.03
UA46100190000081766,Сколiвська,тис. грн,Q3 2023,265678.12
UA46100210000027970,Славська,тис. грн,Q3 2023,347555.01
UA46120110000062257,Сокальська,тис. грн,Q3 2023,344312.8
UA46060410000052681,Сокiльницька,тис. грн,Q3 2023,163007.88
UA46060430000091455,Солонкiвська,тис. грн,Q3 2023,502544.85
UA46080150000050321,Старосамбiрська,тис. грн,Q3 2023,191416.17
UA46100230000047305,Стрийська,тис. грн,Q3 2023,946619.22
UA46080170000064605,Стрiлкiвська,тис. грн,Q3 2023,94209.66
UA46140070000010135,Судововишнянська,тис. грн,Q3 2023,104541.04
UA46020070000056149,Схiдницька,тис. грн,Q3 2023,186004.3
UA46100250000088835,Тростянецька,тис. грн,Q3 2023,84291.31
UA46020090000057315,Трускавецька,тис. грн,Q3 2023,346465.18
UA46080190000096121,Туркiвська,тис. грн,Q3 2023,209489.07
UA46080210000051983,Хирiвська,тис. грн,Q3 2023,106710.88
UA46100270000094052,Ходорiвська,тис. грн,Q3 2023,162698.66
UA46120130000026331,Червоноградська,тис. грн,Q3 2023,758698.26
UA46140090000079730,Шегинiвська,тис. грн,Q3 2023,116140.75
UA46060450000037997,Щирецька,тис. грн,Q3 2023,89773.0
UA46140110000063568,Яворiвська,тис. грн,Q3 2023,1305737.25
UA46120010000054878,Белзька,тис. грн,Q4 2023,151334.99
UA46060010000049728,Бiбрська,тис. грн,Q4 2023,179036.82
UA46080010000010628,Бiсковицька,тис. грн,Q4 2023,188026.6
UA46080030000048662,Боринська,тис. грн,Q4 2023,224757.91
UA46020010000073886,Бориславська,тис. грн,Q4 2023,416928.26
UA46040010000033885,Бродiвська,тис. грн,Q4 2023,520712.91
UA46040030000058332,Буська,тис. грн,Q4 2023,334257.96
UA46060030000020652,Великолюбiнська,тис. грн,Q4 2023,111620.35
UA46120030000069375,Великомостiвська,тис. грн,Q4 2023,267242.54
UA46060050000016451,Глинянська,тис. грн,Q4 2023,105185.49
UA46100010000066018,Гнiздичiвська,тис. грн,Q4 2023,77162.09
UA46060070000047720,Городоцька,тис. грн,Q4 2023,488484.56
UA46100030000016064,Грабовецько-Дулiбiвська,тис. грн,Q4 2023,141676.43
UA46060090000017373,Давидiвська,тис. грн,Q4 2023,409216.64
UA46080050000015399,Добромильська,тис. грн,Q4 2023,160222.51
UA46060110000011684,Добросинсько-Магерiвська,тис. грн,Q4 2023,157184.61
UA46120050000027080,Добротвiрська,тис. грн,Q4 2023,154037.43
UA46020030000019252,Дрогобицька,тис. грн,Q4 2023,1212059.25
UA46100050000053848,Жидачiвська,тис. грн,Q4 2023,200136.72
UA46060130000059055,Жовкiвська,тис. грн,Q4 2023,392176.96
UA46060150000060045,Жовтанецька,тис. грн,Q4 2023,133151.75
UA46100070000076013,Журавненська,тис. грн,Q4 2023,100340.88
UA46040050000062043,Заболотцiвська,тис. грн,Q4 2023,75135.22
UA46060170000014754,Зимноводiвська,тис. грн,Q4 2023,288717.37
UA46040070000032075,Золочiвська,тис. грн,Q4 2023,520492.66
UA46140010000081849,Івано-Франківська,тис. грн,Q4 2023,469884.2
UA46060190000038354,Кам'янка-Бузька,тис. грн,Q4 2023,286291.82
UA46100090000076723,Козiвська,тис. грн,Q4 2023,141324.82
UA46060210000047788,Комарнiвська,тис. грн,Q4 2023,144412.67
UA46040090000012087,Красненська,тис. грн,Q4 2023,176490.61
UA46060230000093092,Куликiвська,тис. грн,Q4 2023,128163.54
UA46120070000071541,Лопатинська,тис. грн,Q4 2023,120579.45
UA46060250000025047,Львiвська,тис. грн,Q4 2023,15872063.3
UA46020050000037271,Меденицька,тис. грн,Q4 2023,169731.13
UA46100110000018989,Миколаївська,тис. грн,Q4 2023,387169.57
UA46100130000048262,Моршинська,тис. грн,Q4 2023,232724.82
UA46140030000023506,Мостиська,тис. грн,Q4 2023,351020.84
UA46060270000027170,Мурованська,тис. грн,Q4 2023,188828.26
UA46080070000035761,Новокалинiвська,тис. грн,Q4 2023,151605.66
UA46100150000087495,Новороздiльська,тис. грн,Q4 2023,302218.3
UA46140050000054478,Новояворiвська,тис. грн,Q4 2023,1103251.86
UA46060290000052876,Новояричiвська,тис. грн,Q4 2023,255068.36
UA46060310000086550,Оброшинська,тис. грн,Q4 2023,158659.47
UA46060330000065074,Перемишлянська,тис. грн,Q4 2023,236692.71
UA46060350000036006,Пiдберiзцiвська,тис. грн,Q4 2023,192899.93
UA46040110000093394,Пiдкамiнська,тис. грн,Q4 2023,100199.61
UA46040130000035029,Поморянська,тис. грн,Q4 2023,81753.5
UA46060370000065608,Пустомитiвська,тис. грн,Q4 2023,319151.6
UA46060390000035967,Рава-Руська,тис. грн,Q4 2023,291138.81
UA46120090000051307,Радехiвська,тис. грн,Q4 2023,427755.28
UA46080090000029798,Ралiвська,тис. грн,Q4 2023,126513.55
UA46100170000077437,Розвадiвська,тис. грн,Q4 2023,130410.04
UA46080110000050484,Рудкiвська,тис. грн,Q4 2023,236979.43
UA46080130000077112,Самбiрська,тис. грн,Q4 2023,520689.0
UA46100190000081766,Сколiвська,тис. грн,Q4 2023,340168.73
UA46100210000027970,Славська,тис. грн,Q4 2023,464175.41
UA46120110000062257,Сокальська,тис. грн,Q4 2023,483263.36
UA46060410000052681,Сокiльницька,тис. грн,Q4 2023,226250.87
UA46060430000091455,Солонкiвська,тис. грн,Q4 2023,648138.29
UA46080150000050321,Старосамбiрська,тис. грн,Q4 2023,248028.27
UA46100230000047305,Стрийська,тис. грн,Q4 2023,1278229.44
UA46080170000064605,Стрiлкiвська,тис. грн,Q4 2023,132800.63
UA46140070000010135,Судововишнянська,тис. грн,Q4 2023,141008.61
UA46020070000056149,Схiдницька,тис. грн,Q4 2023,248033.65
UA46100250000088835,Тростянецька,тис. грн,Q4 2023,107224.14
UA46020090000057315,Трускавецька,тис. грн,Q4 2023,495584.42
UA46080190000096121,Туркiвська,тис. грн,Q4 2023,277488.77
UA46080210000051983,Хирiвська,тис. грн,Q4 2023,142554.98
UA46100270000094052,Ходорiвська,тис. грн,Q4 2023,225265.94
UA46120130000026331,Червоноградська,тис. грн,Q4 2023,975610.04
UA46140090000079730,Шегинiвська,тис. грн,Q4 2023,194185.55
UA46060450000037997,Щирецька,тис. грн,Q4 2023,122897.7
UA46140110000063568,Яворiвська,тис. грн,Q4 2023,1515805.15
UA46120010000054878,Белзька,тис. грн,Q1 2024,33577.29
UA46060010000049728,Бiбрська,тис. грн,Q1 2024,41119.07
UA46080010000010628,Бiсковицька,тис. грн,Q1 2024,35258.26
UA46080030000048662,Боринська,тис. грн,Q1 2024,47644.43
UA46020010000073886,Бориславська,тис. грн,Q1 2024,96948.15
UA46040010000033885,Бродiвська,тис. грн,Q1 2024,105816.03
UA46040030000058332,Буська,тис. грн,Q1 2024,73736.23
UA46060030000020652,Великолюбiнська,тис. грн,Q1 2024,22286.83
UA46120030000069375,Великомостiвська,тис. грн,Q1 2024,36701.76
UA46060050000016451,Глинянська,тис. грн,Q1 2024,21375.52
UA46100010000066018,Гнiздичiвська,тис. грн,Q1 2024,18021.98
UA46060070000047720,Городоцька,тис. грн,Q1 2024,110417.54
UA46100030000016064,Грабовецько-Дулiбiвська,тис. грн,Q1 2024,32060.75
UA46060090000017373,Давидiвська,тис. грн,Q1 2024,70764.25
UA46080050000015399,Добромильська,тис. грн,Q1 2024,34644.22
UA46060110000011684,Добросинсько-Магерiвська,тис. грн,Q1 2024,34683.82
UA46120050000027080,Добротвiрська,тис. грн,Q1 2024,32276.31
UA46020030000019252,Дрогобицька,тис. грн,Q1 2024,258241.24
UA46100050000053848,Жидачiвська,тис. грн,Q1 2024,50476.5
UA46060130000059055,Жовкiвська,тис. грн,Q1 2024,97916.7
UA46060150000060045,Жовтанецька,тис. грн,Q1 2024,29069.49
UA46100070000076013,Журавненська,тис. грн,Q1 2024,23170.63
UA46040050000062043,Заболотцiвська,тис. грн,Q1 2024,14816.08
UA46060170000014754,Зимноводiвська,тис. грн,Q1 2024,77272.08
UA46040070000032075,Золочiвська,тис. грн,Q1 2024,115450.83
UA46140010000081849,Івано-Франківська,тис. грн,Q1 2024,66363.34
UA46060190000038354,Кам'янка-Бузька,тис. грн,Q1 2024,66590.44
UA46100090000076723,Козiвська,тис. грн,Q1 2024,30379.56
UA46060210000047788,Комарнiвська,тис. грн,Q1 2024,29292.26
UA46040090000012087,Красненська,тис. грн,Q1 2024,40331.76
UA46060230000093092,Куликiвська,тис. грн,Q1 2024,30828.76
UA46120070000071541,Лопатинська,тис. грн,Q1 2024,24872.26
UA46060250000025047,Львiвська,тис. грн,Q1 2024,3870006.25
UA46020050000037271,Меденицька,тис. грн,Q1 2024,35640.13
UA46100110000018989,Миколаївська,тис. грн,Q1 2024,91766.69
UA46100130000048262,Моршинська,тис. грн,Q1 2024,39265.52
UA46140030000023506,Мостиська,тис. грн,Q1 2024,79160.62
UA46060270000027170,Мурованська,тис. грн,Q1 2024,147496.47
UA46080070000035761,Новокалинiвська,тис. грн,Q1 2024,32333.77
UA46100150000087495,Новороздiльська,тис. грн,Q1 2024,66154.9
UA46140050000054478,Новояворiвська,тис. грн,Q1 2024,126846.71
UA46060290000052876,Новояричiвська,тис. грн,Q1 2024,54551.04
UA46060310000086550,Оброшинська,тис. грн,Q1 2024,28768.7
UA46060330000065074,Перемишлянська,тис. грн,Q1 2024,50473.69
UA46060350000036006,Пiдберiзцiвська,тис. грн,Q1 2024,35602.53
UA46040110000093394,Пiдкамiнська,тис. грн,Q1 2024,20288.11
UA46040130000035029,Поморянська,тис. грн,Q1 2024,12279.13
UA46060370000065608,Пустомитiвська,тис. грн,Q1 2024,63034.29
UA46060390000035967,Рава-Руська,тис. грн,Q1 2024,73005.73
UA46120090000051307,Радехiвська,тис. грн,Q1 2024,106031.21
UA46080090000029798,Ралiвська,тис. грн,Q1 2024,28985.36
UA46100170000077437,Розвадiвська,тис. грн,Q1 2024,32676.3
UA46080110000050484,Рудкiвська,тис. грн,Q1 2024,50058.34
UA46080130000077112,Самбiрська,тис. грн,Q1 2024,94835.15
UA46100190000081766,Сколiвська,тис. грн,Q1 2024,68973.35
UA46100210000027970,Славська,тис. грн,Q1 2024,111275.75
UA46120110000062257,Сокальська,тис. грн,Q1 2024,115596.87
UA46060410000052681,Сокiльницька,тис. грн,Q1 2024,60531.94
UA46060430000091455,Солонкiвська,тис. грн,Q1 2024,61012.82
UA46080150000050321,Старосамбiрська,тис. грн,Q1 2024,49499.3
UA46100230000047305,Стрийська,тис. грн,Q1 2024,312730.34
UA46080170000064605,Стрiлкiвська,тис. грн,Q1 2024,28224.72
UA46140070000010135,Судововишнянська,тис. грн,Q1 2024,26038.83
UA46020070000056149,Схiдницька,тис. грн,Q1 2024,44647.92
UA46100250000088835,Тростянецька,тис. грн,Q1 2024,27195.12
UA46020090000057315,Трускавецька,тис. грн,Q1 2024,118579.57
UA46080190000096121,Туркiвська,тис. грн,Q1 2024,61742.55
UA46080210000051983,Хирiвська,тис. грн,Q1 2024,31908.26
UA46100270000094052,Ходорiвська,тис. грн,Q1 2024,50941.75
UA46120130000026331,Червоноградська,тис. грн,Q1 2024,212613.75
UA46140090000079730,Шегинiвська,тис. грн,Q1 2024,32445.82
UA46060450000037997,Щирецька,тис. грн,Q1 2024,26639.82
UA46140110000063568,Яворiвська,тис. грн,Q1 2024,138211.41
UA46120010000054878,Белзька,тис. грн,Q2 2024,69444.65
UA46060010000049728,Бiбрська,тис. грн,Q2 2024,89895.38
UA46080010000010628,Бiсковицька,тис. грн,Q2 2024,82546.21
UA46080030000048662,Боринська,тис. грн,Q2 2024,112137.07
UA46020010000073886,Бориславська,тис. грн,Q2 2024,222396.69
UA46040010000033885,Бродiвська,тис. грн,Q2 2024,232444.83
UA46040030000058332,Буська,тис. грн,Q2 2024,171255.77
UA46060030000020652,Великолюбiнська,тис. грн,Q2 2024,59260.3
UA46120030000069375,Великомостiвська,тис. грн,Q2 2024,83638.37
UA46060050000016451,Глинянська,тис. грн,Q2 2024,48956.4
UA46100010000066018,Гнiздичiвська,тис. грн,Q2 2024,40598.08
UA46060070000047720,Городоцька,тис. грн,Q2 2024,251731.97
UA46100030000016064,Грабовецько-Дулiбiвська,тис. грн,Q2 2024,70813.72
UA46060090000017373,Давидiвська,тис. грн,Q2 2024,162835.68
UA46080050000015399,Добромильська,тис. грн,Q2 2024,79765.93
UA46060110000011684,Добросинсько-Магерiвська,тис. грн,Q2 2024,85379.51
UA46120050000027080,Добротвiрська,тис. грн,Q2 2024,68371.03
UA46020030000019252,Дрогобицька,тис. грн,Q2 2024,567163.77
UA46100050000053848,Жидачiвська,тис. грн,Q2 2024,108746.28
UA46060130000059055,Жовкiвська,тис. грн,Q2 2024,220418.22
UA46060150000060045,Жовтанецька,тис. грн,Q2 2024,69581.39
UA46100070000076013,Журавненська,тис. грн,Q2 2024,50948.9
UA46040050000062043,Заболотцiвська,тис. грн,Q2 2024,35589.91
UA46060170000014754,Зимноводiвська,тис. грн,Q2 2024,178066.35
UA46040070000032075,Золочiвська,тис. грн,Q2 2024,265802.13
UA46140010000081849,Івано-Франківська,тис. грн,Q2 2024,148624.4
UA46060190000038354,Кам'янка-Бузька,тис. грн,Q2 2024,144809.05
UA46100090000076723,Козiвська,тис. грн,Q2 2024,70173.77
UA46060210000047788,Комарнiвська,тис. грн,Q2 2024,70615.26
UA46040090000012087,Красненська,тис. грн,Q2 2024,90583.58
UA46060230000093092,Куликiвська,тис. грн,Q2 2024,70744.27
UA46120070000071541,Лопатинська,тис. грн,Q2 2024,56196.86
UA46060250000025047,Львiвська,тис. грн,Q2 2024,8507065.15
UA46020050000037271,Меденицька,тис. грн,Q2 2024,81526.38
UA46100110000018989,Миколаївська,тис. грн,Q2 2024,206237.03
UA46100130000048262,Моршинська,тис. грн,Q2 2024,90731.63
UA46140030000023506,Мостиська,тис. грн,Q2 2024,189007.72
UA46060270000027170,Мурованська,тис. грн,Q2 2024,200663.76
UA46080070000035761,Новокалинiвська,тис. грн,Q2 2024,72472.39
UA46100150000087495,Новороздiльська,тис. грн,Q2 2024,152405.24
UA46140050000054478,Новояворiвська,тис. грн,Q2 2024,287431.89
UA46060290000052876,Новояричiвська,тис. грн,Q2 2024,122492.75
UA46060310000086550,Оброшинська,тис. грн,Q2 2024,66959.65
UA46060330000065074,Перемишлянська,тис. грн,Q2 2024,118831.87
UA46060350000036006,Пiдберiзцiвська,тис. грн,Q2 2024,71709.94
UA46040110000093394,Пiдкамiнська,тис. грн,Q2 2024,45915.87
UA46040130000035029,Поморянська,тис. грн,Q2 2024,28403.05
UA46060370000065608,Пустомитiвська,тис. грн,Q2 2024,139531.12
UA46060390000035967,Рава-Руська,тис. грн,Q2 2024,163567.17
UA46120090000051307,Радехiвська,тис. грн,Q2 2024,236429.35
UA46080090000029798,Ралiвська,тис. грн,Q2 2024,66391.13
UA46100170000077437,Розвадiвська,тис. грн,Q2 2024,77465.93
UA46080110000050484,Рудкiвська,тис. грн,Q2 2024,115848.95
UA46080130000077112,Самбiрська,тис. грн,Q2 2024,209805.38
UA46100190000081766,Сколiвська,тис. грн,Q2 2024,167395.97
UA46100210000027970,Славська,тис. грн,Q2 2024,275158.56
UA46120110000062257,Сокальська,тис. грн,Q2 2024,257098.18
UA46060410000052681,Сокiльницька,тис. грн,Q2 2024,130515.37
UA46060430000091455,Солонкiвська,тис. грн,Q2 2024,134166.03
UA46080150000050321,Старосамбiрська,тис. грн,Q2 2024,114010.85
UA46100230000047305,Стрийська,тис. грн,Q2 2024,700705.58
UA46080170000064605,Стрiлкiвська,тис. грн,Q2 2024,64619.26
UA46140070000010135,Судововишнянська,тис. грн,Q2 2024,60310.74
UA46020070000056149,Схiдницька,тис. грн,Q2 2024,101311.37
UA46100250000088835,Тростянецька,тис. грн,Q2 2024,57539.42
UA46020090000057315,Трускавецька,тис. грн,Q2 2024,255784.92
UA46080190000096121,Туркiвська,тис. грн,Q2 2024,147071.94
UA46080210000051983,Хирiвська,тис. грн,Q2 2024,77104.59
UA46100270000094052,Ходорiвська,тис. грн,Q2 2024,114929.12
UA46120130000026331,Червоноградська,тис. грн,Q2 2024,448667.58
UA46140090000079730,Шегинiвська,тис. грн,Q2 2024,73302.67
UA46060450000037997,Щирецька,тис. грн,Q2 2024,61229.21
UA46140110000063568,Яворiвська,тис. грн,Q2 2024,302627.74
UA46120010000054878,Белзька,тис. грн,Q3 2024,97069.35
UA46060010000049728,Бiбрська,тис. грн,Q3 2024,128784.23
UA46080010000010628,Бiсковицька,тис. грн,Q3 2024,123650.88
UA46080030000048662,Боринська,тис. грн,Q3 2024,160426.61
UA46020010000073886,Бориславська,тис. грн,Q3 2024,323166.11
UA46040010000033885,Бродiвська,тис. грн,Q3 2024,362604.27
UA46040030000058332,Буська,тис. грн,Q3 2024,247205.6
UA46060030000020652,Великолюбiнська,тис. грн,Q3 2024,83921.47
UA46120030000069375,Великомостiвська,тис. грн,Q3 2024,117934.13
UA46060050000016451,Глинянська,тис. грн,Q3 2024,70117.44
UA46100010000066018,Гнiздичiвська,тис. грн,Q3 2024,59052.3
UA46060070000047720,Городоцька,тис. грн,Q3 2024,402436.03
UA46100030000016064,Грабовецько-Дулiбiвська,тис. грн,Q3 2024,100672.21
UA46060090000017373,Давидiвська,тис. грн,Q3 2024,268520.67
UA46080050000015399,Добромильська,тис. грн,Q3 2024,111342.94
UA46060110000011684,Добросинсько-Магерiвська,тис. грн,Q3 2024,116961.48
UA46120050000027080,Добротвiрська,тис. грн,Q3 2024,98040.69
UA46020030000019252,Дрогобицька,тис. грн,Q3 2024,826459.3
UA46100050000053848,Жидачiвська,тис. грн,Q3 2024,158089.04
UA46060130000059055,Жовкiвська,тис. грн,Q3 2024,324504.61
UA46060150000060045,Жовтанецька,тис. грн,Q3 2024,99757.65
UA46100070000076013,Журавненська,тис. грн,Q3 2024,74544.7
UA46040050000062043,Заболотцiвська,тис. грн,Q3 2024,52411.23
UA46060170000014754,Зимноводiвська,тис. грн,Q3 2024,279487.86
UA46040070000032075,Золочiвська,тис. грн,Q3 2024,377709.9
UA46140010000081849,Івано-Франківська,тис. грн,Q3 2024,214457.5
UA46060190000038354,Кам'янка-Бузька,тис. грн,Q3 2024,210939.49
UA46100090000076723,Козiвська,тис. грн,Q3 2024,98700.64
UA46060210000047788,Комарнiвська,тис. грн,Q3 2024,100760.54
UA46040090000012087,Красненська,тис. грн,Q3 2024,128015.15
UA46060230000093092,Куликiвська,тис. грн,Q3 2024,104118.14
UA46120070000071541,Лопатинська,тис. грн,Q3 2024,77957.29
UA46060250000025047,Львiвська,тис. грн,Q3 2024,13751999.54
UA46020050000037271,Меденицька,тис. грн,Q3 2024,117402.58
UA46100110000018989,Миколаївська,тис. грн,Q3 2024,303149.16
UA46100130000048262,Моршинська,тис. грн,Q3 2024,145976.23
UA46140030000023506,Мостиська,тис. грн,Q3 2024,269932.36
UA46060270000027170,Мурованська,тис. грн,Q3 2024,250431.31
UA46080070000035761,Новокалинiвська,тис. грн,Q3 2024,105082.36
UA46100150000087495,Новороздiльська,тис. грн,Q3 2024,232213.41
UA46140050000054478,Новояворiвська,тис. грн,Q3 2024,432869.91
UA46060290000052876,Новояричiвська,тис. грн,Q3 2024,182622.58
UA46060310000086550,Оброшинська,тис. грн,Q3 2024,99095.28
UA46060330000065074,Перемишлянська,тис. грн,Q3 2024,177956.32
UA46060350000036006,Пiдберiзцiвська,тис. грн,Q3 2024,108323.1
UA46040110000093394,Пiдкамiнська,тис. грн,Q3 2024,65502.32
UA46040130000035029,Поморянська,тис. грн,Q3 2024,40668.63
UA46060370000065608,Пустомитiвська,тис. грн,Q3 2024,203385.47
UA46060390000035967,Рава-Руська,тис. грн,Q3 2024,227964.33
UA46120090000051307,Радехiвська,тис. грн,Q3 2024,342371.26
UA46080090000029798,Ралiвська,тис. грн,Q3 2024,96732.37
UA46100170000077437,Розвадiвська,тис. грн,Q3 2024,130036.73
UA46080110000050484,Рудкiвська,тис. грн,Q3 2024,171863.12
UA46080130000077112,Самбiрська,тис. грн,Q3 2024,308395.65
UA46100190000081766,Сколiвська,тис. грн,Q3 2024,261716.03
UA46100210000027970,Славська,тис. грн,Q3 2024,433982.92
UA46120110000062257,Сокальська,тис. грн,Q3 2024,382791.84
UA46060410000052681,Сокiльницька,тис. грн,Q3 2024,203456.89
UA46060430000091455,Солонкiвська,тис. грн,Q3 2024,202543.82
UA46080150000050321,Старосамбiрська,тис. грн,Q3 2024,161098.66
UA46100230000047305,Стрийська,тис. грн,Q3 2024,1083870.18
UA46080170000064605,Стрiлкiвська,тис. грн,Q3 2024,89176.5
UA46140070000010135,Судововишнянська,тис. грн,Q3 2024,90852.78
UA46020070000056149,Схiдницька,тис. грн,Q3 2024,147673.67
UA46100250000088835,Тростянецька,тис. грн,Q3 2024,83814.49
UA46020090000057315,Трускавецька,тис. грн,Q3 2024,387124.6
UA46080190000096121,Туркiвська,тис. грн,Q3 2024,194981.44
UA46080210000051983,Хирiвська,тис. грн,Q3 2024,107359.26
UA46100270000094052,Ходорiвська,тис. грн,Q3 2024,165016.85
UA46120130000026331,Червоноградська,тис. грн,Q3 2024,690857.02
UA46140090000079730,Шегинiвська,тис. грн,Q3 2024,113114.93
UA46060450000037997,Щирецька,тис. грн,Q3 2024,87311.18
UA46140110000063568,Яворiвська,тис. грн,Q3 2024,424272.34
UA46120010000054878,Белзька,тис.грн,Q4 2024,149317.21
UA46060010000049728,Бiбрська,тис.грн,Q4 2024,190580.06
UA46080010000010628,Бiсковицька,тис.грн,Q4 2024,171865.78
UA46080030000048662,Боринська,тис.грн,Q4 2024,235069.87
UA46020010000073886,Бориславська,тис.грн,Q4 2024,461018.5
UA46040010000033885,Бродiвська,тис.грн,Q4 2024,516053.3
UA46040030000058332,Буська,тис.грн,Q4 2024,358603.69
UA46060030000020652,Великолюбiнська,тис.грн,Q4 2024,111922.93
UA46120030000069375,Великомостiвська,тис.грн,Q4 2024,167057.3
UA46060050000016451,Глинянська,тис.грн,Q4 2024,104541.37
UA46100010000066018,Гнiздичiвська,тис.грн,Q4 2024,84768.47
UA46060070000047720,Городоцька,тис.грн,Q4 2024,559611.18
UA46100030000016064,Грабовецько-Дулiбiвська,тис.грн,Q4 2024,145690.62
UA46060090000017373,Давидiвська,тис.грн,Q4 2024,374645.98
UA46080050000015399,Добромильська,тис.грн,Q4 2024,162734.67
UA46060110000011684,Добросинсько-Магерiвська,тис.грн,Q4 2024,166347.89
UA46120050000027080,Добротвiрська,тис.грн,Q4 2024,154847.14
UA46020030000019252,Дрогобицька,тис.грн,Q4 2024,1180075.65
UA46100050000053848,Жидачiвська,тис.грн,Q4 2024,220904.05
UA46060130000059055,Жовкiвська,тис.грн,Q4 2024,446798.32
UA46060150000060045,Жовтанецька,тис.грн,Q4 2024,146481.14
UA46100070000076013,Журавненська,тис.грн,Q4 2024,105750.24
UA46040050000062043,Заболотцiвська,тис.грн,Q4 2024,79976.79
UA46060170000014754,Зимноводiвська,тис.грн,Q4 2024,428350.1
UA46040070000032075,Золочiвська,тис.грн,Q4 2024,544226.54
UA46140010000081849,Iвано-Франкiвська,тис.грн,Q4 2024,301858.59
UA46060190000038354,Кам'янка-Бузька,тис.грн,Q4 2024,303544.22
UA46100090000076723,Козiвська,тис.грн,Q4 2024,139513.81
UA46060210000047788,Комарнiвська,тис.грн,Q4 2024,142812.52
UA46040090000012087,Красненська,тис.грн,Q4 2024,184068.62
UA46060230000093092,Куликiвська,тис.грн,Q4 2024,148632.46
UA46120070000071541,Лопатинська,тис.грн,Q4 2024,116732.64
UA46060250000025047,Львiвська,тис.грн,Q4 2024,18509109.62
UA46020050000037271,Меденицька,тис.грн,Q4 2024,165888.14
UA46100110000018989,Миколаївська,тис.грн,Q4 2024,425955.14
UA46100130000048262,Моршинська,тис.грн,Q4 2024,201695.97
UA46140030000023506,Мостиська,тис.грн,Q4 2024,377641.15
UA46060270000027170,Мурованська,тис.грн,Q4 2024,327036.48
UA46080070000035761,Новокалинiвська,тис.грн,Q4 2024,151877.63
UA46100150000087495,Новороздiльська,тис.грн,Q4 2024,330685.76
UA46140050000054478,Новояворiвська,тис.грн,Q4 2024,628002.16
UA46060290000052876,Новояричiвська,тис.грн,Q4 2024,263097.53
UA46060310000086550,Оброшинська,тис.грн,Q4 2024,144070.34
UA46060330000065074,Перемишлянська,тис.грн,Q4 2024,257790.07
UA46060350000036006,Пiдберiзцiвська,тис.грн,Q4 2024,196153.42
UA46040110000093394,Пiдкамiнська,тис.грн,Q4 2024,99810.76
UA46040130000035029,Поморянська,тис.грн,Q4 2024,62383.5
UA46060370000065608,Пустомитiвська,тис.грн,Q4 2024,284953.07
UA46060390000035967,Рава-Руська,тис.грн,Q4 2024,329378.98
UA46120090000051307,Радехiвська,тис.грн,Q4 2024,483762.78
UA46080090000029798,Ралiвська,тис.грн,Q4 2024,137403.08
UA46100170000077437,Розвадiвська,тис.грн,Q4 2024,175091.91
UA46080110000050484,Рудкiвська,тис.грн,Q4 2024,249073.47
UA46080130000077112,Самбiрська,тис.грн,Q4 2024,456980.98
UA46100190000081766,Сколiвська,тис.грн,Q4 2024,376316.61
UA46100210000027970,Славська,тис.грн,Q4 2024,577734.29
UA46120110000062257,Сокальська,тис.грн,Q4 2024,548108.57
UA46060410000052681,Сокiльницька,тис.грн,Q4 2024,286061.44
UA46060430000091455,Солонкiвська,тис.грн,Q4 2024,292273.25
UA46080150000050321,Старосамбiрська,тис.грн,Q4 2024,240615.28
UA46100230000047305,Стрийська,тис.грн,Q4 2024,1543334.18
UA46080170000064605,Стрiлкiвська,тис.грн,Q4 2024,127427.7
UA46140070000010135,Судововишнянська,тис.грн,Q4 2024,133793.73
UA46020070000056149,Схiдницька,тис.грн,Q4 2024,230346.35
UA46100250000088835,Тростянецька,тис.грн,Q4 2024,117588.47
UA46020090000057315,Трускавецька,тис.грн,Q4 2024,540265.59
UA46080190000096121,Туркiвська,тис.грн,Q4 2024,265661.16
UA46080210000051983,Хирiвська,тис.грн,Q4 2024,154117.45
UA46100270000094052,Ходорiвська,тис.грн,Q4 2024,245441.23
UA46120130000026331,Червоноградська,тис.грн,Q4 2024,990423.03
UA46140090000079730,Шегинiвська,тис.грн,Q4 2024,161945.99
UA46060450000037997,Щирецька,тис.грн,Q4 2024,122900.38
UA46140110000063568,Яворiвська,тис.грн,Q4 2024,600345.24
UA46120010000054878,Белзька,тис.грн,Q1 2025,62339.97
UA46060010000049728,Бiбрська,тис.грн,Q1 2025,68242.42
UA46080010000010628,Бiсковицька,тис.грн,Q1 2025,38718.76
UA46080030000048662,Боринська,тис.грн,Q1 2025,56933.31
UA46020010000073886,Бориславська,тис.грн,Q1 2025,113538.36
UA46040010000033885,Бродiвська,тис.грн,Q1 2025,131193.92
UA46040030000058332,Буська,тис.грн,Q1 2025,95268.77
UA46060030000020652,Великолюбiнська,тис.грн,Q1 2025,34934.68
UA46120030000069375,Великомостiвська,тис.грн,Q1 2025,45406.81
UA46060050000016451,Глинянська,тис.грн,Q1 2025,25342.36
UA46100010000066018,Гнiздичiвська,тис.грн,Q1 2025,22618.34
UA46060070000047720,Городоцька,тис.грн,Q1 2025,158493.39
UA46100030000016064,Грабовецько-Дулiбiвська,тис.грн,Q1 2025,38327.14
UA46060090000017373,Давидiвська,тис.грн,Q1 2025,94413.32
UA46080050000015399,Добромильська,тис.грн,Q1 2025,37628.01
UA46060110000011684,Добросинсько-Магерiвська,тис.грн,Q1 2025,41979.22
UA46120050000027080,Добротвiрська,тис.грн,Q1 2025,76420.61
UA46020030000019252,Дрогобицька,тис.грн,Q1 2025,303434.21
UA46100050000053848,Жидачiвська,тис.грн,Q1 2025,58393.54
UA46060130000059055,Жовкiвська,тис.грн,Q1 2025,120239.63
UA46060150000060045,Жовтанецька,тис.грн,Q1 2025,38983.6
UA46100070000076013,Журавненська,тис.грн,Q1 2025,25693.22
UA46040050000062043,Заболотцiвська,тис.грн,Q1 2025,20433.0
UA46060170000014754,Зимноводiвська,тис.грн,Q1 2025,98713.59
UA46040070000032075,Золочiвська,тис.грн,Q1 2025,136207.97
UA46140010000081849,Iвано-Франкiвська,тис.грн,Q1 2025,78062.89
UA46060190000038354,Кам'янка-Бузька,тис.грн,Q1 2025,77503.0
UA46100090000076723,Козiвська,тис.грн,Q1 2025,35926.97
UA46060210000047788,Комарнiвська,тис.грн,Q1 2025,34957.35
UA46040090000012087,Красненська,тис.грн,Q1 2025,45331.79
UA46060230000093092,Куликiвська,тис.грн,Q1 2025,42548.77
UA46120070000071541,Лопатинська,тис.грн,Q1 2025,33250.11
UA46060250000025047,Львiвська,тис.грн,Q1 2025,4601860.67
UA46020050000037271,Меденицька,тис.грн,Q1 2025,42865.24
UA46100110000018989,Миколаївська,тис.грн,Q1 2025,102359.24
UA46100130000048262,Моршинська,тис.грн,Q1 2025,60912.94
UA46140030000023506,Мостиська,тис.грн,Q1 2025,91518.21
UA46060270000027170,Мурованська,тис.грн,Q1 2025,62957.94
UA46080070000035761,Новокалинiвська,тис.грн,Q1 2025,32019.52
UA46100150000087495,Новороздiльська,тис.грн,Q1 2025,89433.32
UA46140050000054478,Новояворiвська,тис.грн,Q1 2025,155097.06
UA46060290000052876,Новояричiвська,тис.грн,Q1 2025,63099.42
UA46060310000086550,Оброшинська,тис.грн,Q1 2025,39727.71
UA46060330000065074,Перемишлянська,тис.грн,Q1 2025,78457.51
UA46060350000036006,Пiдберiзцiвська,тис.грн,Q1 2025,54700.97
UA46040110000093394,Пiдкамiнська,тис.грн,Q1 2025,24520.56
UA46040130000035029,Поморянська,тис.грн,Q1 2025,15660.17
UA46060370000065608,Пустомитiвська,тис.грн,Q1 2025,77405.38
UA46060390000035967,Рава-Руська,тис.грн,Q1 2025,85887.02
UA46120090000051307,Радехiвська,тис.грн,Q1 2025,139579.26
UA46080090000029798,Ралiвська,тис.грн,Q1 2025,34041.63
UA46100170000077437,Розвадiвська,тис.грн,Q1 2025,40577.16
UA46080110000050484,Рудкiвська,тис.грн,Q1 2025,60603.27
UA46080130000077112,Самбiрська,тис.грн,Q1 2025,107453.22
UA46100190000081766,Сколiвська,тис.грн,Q1 2025,110807.99
UA46100210000027970,Славська,тис.грн,Q1 2025,145048.85
UA46120110000062257,Сокальська,тис.грн,Q1 2025,145657.66
UA46060410000052681,Сокiльницька,тис.грн,Q1 2025,91753.48
UA46060430000091455,Солонкiвська,тис.грн,Q1 2025,77744.04
UA46080150000050321,Старосамбiрська,тис.грн,Q1 2025,52950.0
UA46100230000047305,Стрийська,тис.грн,Q1 2025,388998.34
UA46080170000064605,Стрiлкiвська,тис.грн,Q1 2025,31603.7
UA46140070000010135,Судововишнянська,тис.грн,Q1 2025,31334.54
UA46020070000056149,Схiдницька,тис.грн,Q1 2025,88684.45
UA46100250000088835,Тростянецька,тис.грн,Q1 2025,32787.44
UA46020090000057315,Трускавецька,тис.грн,Q1 2025,131533.79
UA46080190000096121,Туркiвська,тис.грн,Q1 2025,58734.06
UA46080210000051983,Хирiвська,тис.грн,Q1 2025,38417.68
UA46100270000094052,Ходорiвська,тис.грн,Q1 2025,61353.07
UA46120130000026331,Червоноградська,тис.грн,Q1 2025,262611.91
UA46140090000079730,Шегинiвська,тис.грн,Q1 2025,39857.36
UA46060450000037997,Щирецька,тис.грн,Q1 2025,33492.37
UA46140110000063568,Яворiвська,тис.грн,Q1 2025,158178.72
UA46120010000054878,Белзька,тис.грн,Q2 2025,94716.81
UA46060010000049728,Бiбрська,тис.грн,Q2 2025,144747.05
UA46080010000010628,Бiсковицька,тис.грн,Q2 2025,91428.6
UA46080030000048662,Боринська,тис.грн,Q2 2025,137006.82
UA46020010000073886,Бориславська,тис.грн,Q2 2025,254875.23
UA46040010000033885,Бродiвська,тис.грн,Q2 2025,294727.25
UA46040030000058332,Буська,тис.грн,Q2 2025,219088.83
UA46060030000020652,Великолюбiнська,тис.грн,Q2 2025,74876.18
UA46120030000069375,Великомостiвська,тис.грн,Q2 2025,101735.8
UA46060050000016451,Глинянська,тис.грн,Q2 2025,58585.78
UA46100010000066018,Гнiздичiвська,тис.грн,Q2 2025,48258.51
UA46060070000047720,Городоцька,тис.грн,Q2 2025,334497.9
UA46100030000016064,Грабовецько-Дулiбiвська,тис.грн,Q2 2025,86408.07
UA46060090000017373,Давидiвська,тис.грн,Q2 2025,207280.81
UA46080050000015399,Добромильська,тис.грн,Q2 2025,83498.17
UA46060110000011684,Добросинсько-Магерiвська,тис.грн,Q2 2025,99559.9
UA46120050000027080,Добротвiрська,тис.грн,Q2 2025,132928.42
UA46020030000019252,Дрогобицька,тис.грн,Q2 2025,675571.33
UA46100050000053848,Жидачiвська,тис.грн,Q2 2025,132302.02
UA46060130000059055,Жовкiвська,тис.грн,Q2 2025,263296.64
UA46060150000060045,Жовтанецька,тис.грн,Q2 2025,88426.39
UA46100070000076013,Журавненська,тис.грн,Q2 2025,59457.74
UA46040050000062043,Заболотцiвська,тис.грн,Q2 2025,45358.02
UA46060170000014754,Зимноводiвська,тис.грн,Q2 2025,227993.71
UA46040070000032075,Золочiвська,тис.грн,Q2 2025,324911.48
UA46140010000081849,Iвано-Франкiвська,тис.грн,Q2 2025,170286.04
UA46060190000038354,Кам'янка-Бузька,тис.грн,Q2 2025,170243.4
UA46100090000076723,Козiвська,тис.грн,Q2 2025,80080.64
UA46060210000047788,Комарнiвська,тис.грн,Q2 2025,81713.66
UA46040090000012087,Красненська,тис.грн,Q2 2025,101333.02
UA46060230000093092,Куликiвська,тис.грн,Q2 2025,92108.55
UA46120070000071541,Лопатинська,тис.грн,Q2 2025,70245.07
UA46060250000025047,Львiвська,тис.грн,Q2 2025,10052107.14
UA46020050000037271,Меденицька,тис.грн,Q2 2025,97571.54
UA46100110000018989,Миколаївська,тис.грн,Q2 2025,240861.12
UA46100130000048262,Моршинська,тис.грн,Q2 2025,134028.79
UA46140030000023506,Мостиська,тис.грн,Q2 2025,225498.96
UA46060270000027170,Мурованська,тис.грн,Q2 2025,124431.95
UA46080070000035761,Новокалинiвська,тис.грн,Q2 2025,79622.43
UA46100150000087495,Новороздiльська,тис.грн,Q2 2025,200005.9
UA46140050000054478,Новояворiвська,тис.грн,Q2 2025,343484.23
UA46060290000052876,Новояричiвська,тис.грн,Q2 2025,146929.29
UA46060310000086550,Оброшинська,тис.грн,Q2 2025,86539.86
UA46060330000065074,Перемишлянська,тис.грн,Q2 2025,162549.14
UA46060350000036006,Пiдберiзцiвська,тис.грн,Q2 2025,116930.25
UA46040110000093394,Пiдкамiнська,тис.грн,Q2 2025,55227.93
UA46040130000035029,Поморянська,тис.грн,Q2 2025,36446.03
UA46060370000065608,Пустомитiвська,тис.грн,Q2 2025,174919.67
UA46060390000035967,Рава-Руська,тис.грн,Q2 2025,184296.0
UA46120090000051307,Радехiвська,тис.грн,Q2 2025,295088.32
UA46080090000029798,Ралiвська,тис.грн,Q2 2025,78483.7
UA46100170000077437,Розвадiвська,тис.грн,Q2 2025,88112.43
UA46080110000050484,Рудкiвська,тис.грн,Q2 2025,135278.04
UA46080130000077112,Самбiрська,тис.грн,Q2 2025,235260.05
UA46100190000081766,Сколiвська,тис.грн,Q2 2025,229621.36
UA46100210000027970,Славська,тис.грн,Q2 2025,348681.59
UA46120110000062257,Сокальська,тис.грн,Q2 2025,315861.51
UA46060410000052681,Сокiльницька,тис.грн,Q2 2025,178131.76
UA46060430000091455,Солонкiвська,тис.грн,Q2 2025,185087.81
UA46080150000050321,Старосамбiрська,тис.грн,Q2 2025,120198.89
UA46100230000047305,Стрийська,тис.грн,Q2 2025,850367.48
UA46080170000064605,Стрiлкiвська,тис.грн,Q2 2025,72771.81
UA46140070000010135,Судововишнянська,тис.грн,Q2 2025,75801.11
UA46020070000056149,Схiдницька,тис.грн,Q2 2025,178586.0
UA46100250000088835,Тростянецька,тис.грн,Q2 2025,72098.03
UA46020090000057315,Трускавецька,тис.грн,Q2 2025,288357.39
UA46080190000096121,Туркiвська,тис.грн,Q2 2025,137603.46
UA46080210000051983,Хирiвська,тис.грн,Q2 2025,86370.16
UA46100270000094052,Ходорiвська,тис.грн,Q2 2025,133950.86
UA46120130000026331,Червоноградська,тис.грн,Q2 2025,552155.17
UA46140090000079730,Шегинiвська,тис.грн,Q2 2025,89716.84
UA46060450000037997,Щирецька,тис.грн,Q2 2025,79256.95
UA46140110000063568,Яворiвська,тис.грн,Q2 2025,348973.44
UA46120010000054878,Белзька,тис.грн,Q3 2025,135228.72
UA46060010000049728,Бiбрська,тис.грн,Q3 2025,215526.19
UA46080010000010628,Бiсковицька,тис.грн,Q3 2025,131604.64
UA46080030000048662,Боринська,тис.грн,Q3 2025,192296.46
UA46020010000073886,Бориславська,тис.грн,Q3 2025,390167.92
UA46040010000033885,Бродiвська,тис.грн,Q3 2025,435944.6
UA46040030000058332,Буська,тис.грн,Q3 2025,319531.07
UA46060030000020652,Великолюбiнська,тис.грн,Q3 2025,98389.32
UA46120030000069375,Великомостiвська,тис.грн,Q3 2025,147577.8
UA46060050000016451,Глинянська,тис.грн,Q3 2025,85115.12
UA46100010000066018,Гнiздичiвська,тис.грн,Q3 2025,69786.61
UA46060070000047720,Городоцька,тис.грн,Q3 2025,520286.16
UA46100030000016064,Грабовецько-Дулiбiвська,тис.грн,Q3 2025,126698.21
UA46060090000017373,Давидiвська,тис.грн,Q3 2025,319478.44
UA46080050000015399,Добромильська,тис.грн,Q3 2025,124335.44
UA46060110000011684,Добросинсько-Магерiвська,тис.грн,Q3 2025,151962.67
UA46120050000027080,Добротвiрська,тис.грн,Q3 2025,175253.25
UA46020030000019252,Дрогобицька,тис.грн,Q3 2025,994976.25
UA46100050000053848,Жидачiвська,тис.грн,Q3 2025,193149.44
UA46060130000059055,Жовкiвська,тис.грн,Q3 2025,374186.78
UA46060150000060045,Жовтанецька,тис.грн,Q3 2025,125705.99
UA46100070000076013,Журавненська,тис.грн,Q3 2025,86275.12
UA46040050000062043,Заболотцiвська,тис.грн,Q3 2025,67175.04
UA46060170000014754,Зимноводiвська,тис.грн,Q3 2025,384954.26
UA46040070000032075,Золочiвська,тис.грн,Q3 2025,482934.97
UA46140010000081849,Iвано-Франкiвська,тис.грн,Q3 2025,248908.16
UA46060190000038354,Кам'янка-Бузька,тис.грн,Q3 2025,251726.95
UA46100090000076723,Козiвська,тис.грн,Q3 2025,114378.02
UA46060210000047788,Комарнiвська,тис.грн,Q3 2025,117736.47
UA46040090000012087,Красненська,тис.грн,Q3 2025,148202.37
UA46060230000093092,Куликiвська,тис.грн,Q3 2025,161212.72
UA46120070000071541,Лопатинська,тис.грн,Q3 2025,102097.52
UA46060250000025047,Львiвська,тис.грн,Q3 2025,15574731.05
UA46020050000037271,Меденицька,тис.грн,Q3 2025,145601.11
UA46100110000018989,Миколаївська,тис.грн,Q3 2025,353853.6
UA46100130000048262,Моршинська,тис.грн,Q3 2025,217216.0
UA46140030000023506,Мостиська,тис.грн,Q3 2025,345374.66
UA46060270000027170,Мурованська,тис.грн,Q3 2025,181681.25
UA46080070000035761,Новокалинiвська,тис.грн,Q3 2025,116270.44
UA46100150000087495,Новороздiльська,тис.грн,Q3 2025,294337.06
UA46140050000054478,Новояворiвська,тис.грн,Q3 2025,504402.5
UA46060290000052876,Новояричiвська,тис.грн,Q3 2025,227155.38
UA46060310000086550,Оброшинська,тис.грн,Q3 2025,135179.96
UA46060330000065074,Перемишлянська,тис.грн,Q3 2025,230104.02
UA46060350000036006,Пiдберiзцiвська,тис.грн,Q3 2025,204568.91
UA46040110000093394,Пiдкамiнська,тис.грн,Q3 2025,79086.45
UA46040130000035029,Поморянська,тис.грн,Q3 2025,52710.59
UA46060370000065608,Пустомитiвська,тис.грн,Q3 2025,281204.84
UA46060390000035967,Рава-Руська,тис.грн,Q3 2025,267216.37
UA46120090000051307,Радехiвська,тис.грн,Q3 2025,424176.11
UA46080090000029798,Ралiвська,тис.грн,Q3 2025,116012.89
UA46100170000077437,Розвадiвська,тис.грн,Q3 2025,127940.05
UA46080110000050484,Рудкiвська,тис.грн,Q3 2025,203151.41
UA46080130000077112,Самбiрська,тис.грн,Q3 2025,360675.83
UA46100190000081766,Сколiвська,тис.грн,Q3 2025,343513.85
UA46100210000027970,Славська,тис.грн,Q3 2025,506779.57
UA46120110000062257,Сокальська,тис.грн,Q3 2025,463280.9
UA46060410000052681,Сокiльницька,тис.грн,Q3 2025,278241.02
UA46060430000091455,Солонкiвська,тис.грн,Q3 2025,278212.09
UA46080150000050321,Старосамбiрська,тис.грн,Q3 2025,176946.34
UA46100230000047305,Стрийська,тис.грн,Q3 2025,1287465.82
UA46080170000064605,Стрiлкiвська,тис.грн,Q3 2025,100681.13
UA46140070000010135,Судововишнянська,тис.грн,Q3 2025,115976.1
UA46020070000056149,Схiдницька,тис.грн,Q3 2025,259650.75
UA46100250000088835,Тростянецька,тис.грн,Q3 2025,105754.78
UA46020090000057315,Трускавецька,тис.грн,Q3 2025,429828.89
UA46080190000096121,Туркiвська,тис.грн,Q3 2025,193469.17
UA46080210000051983,Хирiвська,тис.грн,Q3 2025,122219.87
UA46100270000094052,Ходорiвська,тис.грн,Q3 2025,199652.82
UA46120130000026331,Червоноградська,тис.грн,Q3 2025,825741.73
UA46140090000079730,Шегинiвська,тис.грн,Q3 2025,144807.2
UA46060450000037997,Щирецька,тис.грн,Q3 2025,119356.68
UA46140110000063568,Яворiвська,тис.грн,Q3 2025,506620.64
